--------------------------------------------------------
--  文件已创建 - 星期二-五月-21-2019   
--------------------------------------------------------
--------------------------------------------------------
--  DDL for Table CITY
--------------------------------------------------------

  CREATE TABLE "STUDENT123"."CITY" 
   (	"CITY_NAME" VARCHAR2(20 BYTE), 
	"COUNTRY_ID" NUMBER, 
	"CITY_ID" NUMBER
   ) SEGMENT CREATION IMMEDIATE 
  PCTFREE 10 PCTUSED 40 INITRANS 1 MAXTRANS 255 NOCOMPRESS LOGGING
  STORAGE(INITIAL 65536 NEXT 1048576 MINEXTENTS 1 MAXEXTENTS 2147483645
  PCTINCREASE 0 FREELISTS 1 FREELIST GROUPS 1 BUFFER_POOL DEFAULT FLASH_CACHE DEFAULT CELL_FLASH_CACHE DEFAULT)
  TABLESPACE "SYSTEM" ;
--------------------------------------------------------
--  DDL for Table CONTINENT
--------------------------------------------------------

  CREATE TABLE "STUDENT123"."CONTINENT" 
   (	"CONTINENT_ID" NUMBER(*,0), 
	"CONTINENT_NAME" VARCHAR2(30 BYTE)
   ) SEGMENT CREATION IMMEDIATE 
  PCTFREE 10 PCTUSED 40 INITRANS 1 MAXTRANS 255 NOCOMPRESS LOGGING
  STORAGE(INITIAL 65536 NEXT 1048576 MINEXTENTS 1 MAXEXTENTS 2147483645
  PCTINCREASE 0 FREELISTS 1 FREELIST GROUPS 1 BUFFER_POOL DEFAULT FLASH_CACHE DEFAULT CELL_FLASH_CACHE DEFAULT)
  TABLESPACE "SYSTEM" ;
--------------------------------------------------------
--  DDL for Table COUNTRY
--------------------------------------------------------

  CREATE TABLE "STUDENT123"."COUNTRY" 
   (	"COUNTRY_ID" NUMBER, 
	"COUNTRY_NAME" VARCHAR2(30 BYTE), 
	"CONTINENT_ID" NUMBER, 
	"AREA" NUMBER, 
	"POPULATION" VARCHAR2(20 BYTE), 
	"TIME_ZONE" VARCHAR2(20 BYTE), 
	"LANGUAGE" VARCHAR2(30 BYTE)
   ) SEGMENT CREATION IMMEDIATE 
  PCTFREE 10 PCTUSED 40 INITRANS 1 MAXTRANS 255 NOCOMPRESS LOGGING
  STORAGE(INITIAL 65536 NEXT 1048576 MINEXTENTS 1 MAXEXTENTS 2147483645
  PCTINCREASE 0 FREELISTS 1 FREELIST GROUPS 1 BUFFER_POOL DEFAULT FLASH_CACHE DEFAULT CELL_FLASH_CACHE DEFAULT)
  TABLESPACE "SYSTEM" ;
--------------------------------------------------------
--  DDL for Table DAILY_WEATHER
--------------------------------------------------------

  CREATE TABLE "STUDENT123"."DAILY_WEATHER" 
   (	"DATE_TIME" DATE, 
	"CITY_ID" NUMBER, 
	"TIME" NUMBER, 
	"TEMPERATURE" NUMBER, 
	"STATUS_ID" NUMBER, 
	"WIND_LEVEL" VARCHAR2(20 BYTE), 
	"HUMIDITY" VARCHAR2(30 CHAR), 
	"WIND_DIRECTION" VARCHAR2(20 BYTE), 
	"RECORD_ID" NUMBER
   ) SEGMENT CREATION IMMEDIATE 
  PCTFREE 10 PCTUSED 40 INITRANS 1 MAXTRANS 255 NOCOMPRESS LOGGING
  STORAGE(INITIAL 65536 NEXT 1048576 MINEXTENTS 1 MAXEXTENTS 2147483645
  PCTINCREASE 0 FREELISTS 1 FREELIST GROUPS 1 BUFFER_POOL DEFAULT FLASH_CACHE DEFAULT CELL_FLASH_CACHE DEFAULT)
  TABLESPACE "SYSTEM" ;
--------------------------------------------------------
--  DDL for Table STATUS_DESC
--------------------------------------------------------

  CREATE TABLE "STUDENT123"."STATUS_DESC" 
   (	"STATUS_ID" NUMBER, 
	"STATUS_DESCRIPTION" VARCHAR2(20 BYTE)
   ) SEGMENT CREATION IMMEDIATE 
  PCTFREE 10 PCTUSED 40 INITRANS 1 MAXTRANS 255 NOCOMPRESS LOGGING
  STORAGE(INITIAL 65536 NEXT 1048576 MINEXTENTS 1 MAXEXTENTS 2147483645
  PCTINCREASE 0 FREELISTS 1 FREELIST GROUPS 1 BUFFER_POOL DEFAULT FLASH_CACHE DEFAULT CELL_FLASH_CACHE DEFAULT)
  TABLESPACE "SYSTEM" ;
--------------------------------------------------------
--  DDL for Table TABLE1
--------------------------------------------------------

  CREATE TABLE "STUDENT123"."TABLE1" 
   (	"NO" VARCHAR2(20 BYTE), 
	"NAME" VARCHAR2(20 BYTE), 
	"SEX" VARCHAR2(20 BYTE), 
	"AGE" VARCHAR2(20 BYTE)
   ) SEGMENT CREATION IMMEDIATE 
  PCTFREE 10 PCTUSED 40 INITRANS 1 MAXTRANS 255 NOCOMPRESS LOGGING
  STORAGE(INITIAL 65536 NEXT 1048576 MINEXTENTS 1 MAXEXTENTS 2147483645
  PCTINCREASE 0 FREELISTS 1 FREELIST GROUPS 1 BUFFER_POOL DEFAULT FLASH_CACHE DEFAULT CELL_FLASH_CACHE DEFAULT)
  TABLESPACE "SYSTEM" ;
REM INSERTING into STUDENT123.CITY
SET DEFINE OFF;
Insert into STUDENT123.CITY (CITY_NAME,COUNTRY_ID,CITY_ID) values ('Beijing',1,1);
Insert into STUDENT123.CITY (CITY_NAME,COUNTRY_ID,CITY_ID) values ('Toyko',2,2);
Insert into STUDENT123.CITY (CITY_NAME,COUNTRY_ID,CITY_ID) values ('Seoul',3,3);
Insert into STUDENT123.CITY (CITY_NAME,COUNTRY_ID,CITY_ID) values ('New York',4,4);
Insert into STUDENT123.CITY (CITY_NAME,COUNTRY_ID,CITY_ID) values ('Washington',4,5);
Insert into STUDENT123.CITY (CITY_NAME,COUNTRY_ID,CITY_ID) values ('Ottawa',5,6);
Insert into STUDENT123.CITY (CITY_NAME,COUNTRY_ID,CITY_ID) values ('Cairo',11,7);
Insert into STUDENT123.CITY (CITY_NAME,COUNTRY_ID,CITY_ID) values ('Wakanda',8,8);
Insert into STUDENT123.CITY (CITY_NAME,COUNTRY_ID,CITY_ID) values ('Cape Town',8,9);
Insert into STUDENT123.CITY (CITY_NAME,COUNTRY_ID,CITY_ID) values ('Canberra',6,10);
Insert into STUDENT123.CITY (CITY_NAME,COUNTRY_ID,CITY_ID) values ('Sydney',6,11);
Insert into STUDENT123.CITY (CITY_NAME,COUNTRY_ID,CITY_ID) values ('Melbourne',6,12);
Insert into STUDENT123.CITY (CITY_NAME,COUNTRY_ID,CITY_ID) values ('Barcelona',7,13);
Insert into STUDENT123.CITY (CITY_NAME,COUNTRY_ID,CITY_ID) values ('Brague',9,14);
Insert into STUDENT123.CITY (CITY_NAME,COUNTRY_ID,CITY_ID) values ('Amasterdam',10,15);
REM INSERTING into STUDENT123.CONTINENT
SET DEFINE OFF;
Insert into STUDENT123.CONTINENT (CONTINENT_ID,CONTINENT_NAME) values (1,'AS');
Insert into STUDENT123.CONTINENT (CONTINENT_ID,CONTINENT_NAME) values (2,'NA');
Insert into STUDENT123.CONTINENT (CONTINENT_ID,CONTINENT_NAME) values (3,'AF');
Insert into STUDENT123.CONTINENT (CONTINENT_ID,CONTINENT_NAME) values (4,'OA');
Insert into STUDENT123.CONTINENT (CONTINENT_ID,CONTINENT_NAME) values (5,'EUR');
REM INSERTING into STUDENT123.COUNTRY
SET DEFINE OFF;
Insert into STUDENT123.COUNTRY (COUNTRY_ID,COUNTRY_NAME,CONTINENT_ID,AREA,POPULATION,TIME_ZONE,LANGUAGE) values (1,'CHINA',1,null,'1.395 billion','UTC+8','Chinese');
Insert into STUDENT123.COUNTRY (COUNTRY_ID,COUNTRY_NAME,CONTINENT_ID,AREA,POPULATION,TIME_ZONE,LANGUAGE) values (2,'Japan',1,null,null,null,null);
Insert into STUDENT123.COUNTRY (COUNTRY_ID,COUNTRY_NAME,CONTINENT_ID,AREA,POPULATION,TIME_ZONE,LANGUAGE) values (3,'Korea',1,null,null,null,null);
Insert into STUDENT123.COUNTRY (COUNTRY_ID,COUNTRY_NAME,CONTINENT_ID,AREA,POPULATION,TIME_ZONE,LANGUAGE) values (4,'America',2,null,null,null,null);
Insert into STUDENT123.COUNTRY (COUNTRY_ID,COUNTRY_NAME,CONTINENT_ID,AREA,POPULATION,TIME_ZONE,LANGUAGE) values (5,'Canada',2,null,null,null,null);
Insert into STUDENT123.COUNTRY (COUNTRY_ID,COUNTRY_NAME,CONTINENT_ID,AREA,POPULATION,TIME_ZONE,LANGUAGE) values (6,'Australia',4,null,null,null,null);
Insert into STUDENT123.COUNTRY (COUNTRY_ID,COUNTRY_NAME,CONTINENT_ID,AREA,POPULATION,TIME_ZONE,LANGUAGE) values (7,'Spain',5,null,null,null,null);
Insert into STUDENT123.COUNTRY (COUNTRY_ID,COUNTRY_NAME,CONTINENT_ID,AREA,POPULATION,TIME_ZONE,LANGUAGE) values (8,'Republic of South Africa',3,null,null,null,null);
Insert into STUDENT123.COUNTRY (COUNTRY_ID,COUNTRY_NAME,CONTINENT_ID,AREA,POPULATION,TIME_ZONE,LANGUAGE) values (9,'Czech Republic',5,null,null,null,null);
Insert into STUDENT123.COUNTRY (COUNTRY_ID,COUNTRY_NAME,CONTINENT_ID,AREA,POPULATION,TIME_ZONE,LANGUAGE) values (10,'Netherlands',5,null,null,null,null);
Insert into STUDENT123.COUNTRY (COUNTRY_ID,COUNTRY_NAME,CONTINENT_ID,AREA,POPULATION,TIME_ZONE,LANGUAGE) values (11,'Egypt',3,null,null,null,null);
REM INSERTING into STUDENT123.DAILY_WEATHER
SET DEFINE OFF;
Insert into STUDENT123.DAILY_WEATHER (DATE_TIME,CITY_ID,TIME,TEMPERATURE,STATUS_ID,WIND_LEVEL,HUMIDITY,WIND_DIRECTION,RECORD_ID) values (to_date('07-APR-19','DD-MON-RR'),1,0,8,1,'1~2','Unknown','south',1);
Insert into STUDENT123.DAILY_WEATHER (DATE_TIME,CITY_ID,TIME,TEMPERATURE,STATUS_ID,WIND_LEVEL,HUMIDITY,WIND_DIRECTION,RECORD_ID) values (to_date('07-APR-19','DD-MON-RR'),1,3,8,1,'1~2','Unknown','south',2);
Insert into STUDENT123.DAILY_WEATHER (DATE_TIME,CITY_ID,TIME,TEMPERATURE,STATUS_ID,WIND_LEVEL,HUMIDITY,WIND_DIRECTION,RECORD_ID) values (to_date('07-APR-19','DD-MON-RR'),1,6,7,1,'1~2','Unknown','south',3);
Insert into STUDENT123.DAILY_WEATHER (DATE_TIME,CITY_ID,TIME,TEMPERATURE,STATUS_ID,WIND_LEVEL,HUMIDITY,WIND_DIRECTION,RECORD_ID) values (to_date('07-APR-19','DD-MON-RR'),1,12,16,4,'1~2','Unknown','south',5);
Insert into STUDENT123.DAILY_WEATHER (DATE_TIME,CITY_ID,TIME,TEMPERATURE,STATUS_ID,WIND_LEVEL,HUMIDITY,WIND_DIRECTION,RECORD_ID) values (to_date('07-APR-19','DD-MON-RR'),1,15,18,4,'1~2','Unknown','south',6);
Insert into STUDENT123.DAILY_WEATHER (DATE_TIME,CITY_ID,TIME,TEMPERATURE,STATUS_ID,WIND_LEVEL,HUMIDITY,WIND_DIRECTION,RECORD_ID) values (to_date('07-APR-19','DD-MON-RR'),1,18,16,4,'1~2','Unknown','south',7);
Insert into STUDENT123.DAILY_WEATHER (DATE_TIME,CITY_ID,TIME,TEMPERATURE,STATUS_ID,WIND_LEVEL,HUMIDITY,WIND_DIRECTION,RECORD_ID) values (to_date('07-APR-19','DD-MON-RR'),1,21,14,4,'1~2','Unknown','south',8);
Insert into STUDENT123.DAILY_WEATHER (DATE_TIME,CITY_ID,TIME,TEMPERATURE,STATUS_ID,WIND_LEVEL,HUMIDITY,WIND_DIRECTION,RECORD_ID) values (to_date('08-APR-19','DD-MON-RR'),1,3,8,4,'1~2','Unknown','south',10);
Insert into STUDENT123.DAILY_WEATHER (DATE_TIME,CITY_ID,TIME,TEMPERATURE,STATUS_ID,WIND_LEVEL,HUMIDITY,WIND_DIRECTION,RECORD_ID) values (to_date('08-APR-19','DD-MON-RR'),1,6,7,4,'1~2','Unknown','south',11);
Insert into STUDENT123.DAILY_WEATHER (DATE_TIME,CITY_ID,TIME,TEMPERATURE,STATUS_ID,WIND_LEVEL,HUMIDITY,WIND_DIRECTION,RECORD_ID) values (to_date('08-APR-19','DD-MON-RR'),1,9,9,4,'3~4','Unknown','south',12);
Insert into STUDENT123.DAILY_WEATHER (DATE_TIME,CITY_ID,TIME,TEMPERATURE,STATUS_ID,WIND_LEVEL,HUMIDITY,WIND_DIRECTION,RECORD_ID) values (to_date('08-APR-19','DD-MON-RR'),1,15,17,4,'3~4','Unknown','south',14);
Insert into STUDENT123.DAILY_WEATHER (DATE_TIME,CITY_ID,TIME,TEMPERATURE,STATUS_ID,WIND_LEVEL,HUMIDITY,WIND_DIRECTION,RECORD_ID) values (to_date('08-APR-19','DD-MON-RR'),1,18,14,4,'3~4','Unknown','south',15);
Insert into STUDENT123.DAILY_WEATHER (DATE_TIME,CITY_ID,TIME,TEMPERATURE,STATUS_ID,WIND_LEVEL,HUMIDITY,WIND_DIRECTION,RECORD_ID) values (to_date('08-APR-19','DD-MON-RR'),1,21,13,2,'3~4','Unknown','south',16);
Insert into STUDENT123.DAILY_WEATHER (DATE_TIME,CITY_ID,TIME,TEMPERATURE,STATUS_ID,WIND_LEVEL,HUMIDITY,WIND_DIRECTION,RECORD_ID) values (to_date('09-APR-19','DD-MON-RR'),1,0,8,2,'3~4','Unknown','south',17);
Insert into STUDENT123.DAILY_WEATHER (DATE_TIME,CITY_ID,TIME,TEMPERATURE,STATUS_ID,WIND_LEVEL,HUMIDITY,WIND_DIRECTION,RECORD_ID) values (to_date('09-APR-19','DD-MON-RR'),1,6,5,2,'3~4','Unknown','north',19);
Insert into STUDENT123.DAILY_WEATHER (DATE_TIME,CITY_ID,TIME,TEMPERATURE,STATUS_ID,WIND_LEVEL,HUMIDITY,WIND_DIRECTION,RECORD_ID) values (to_date('09-APR-19','DD-MON-RR'),1,9,6,4,'3~4','Unknown','north',20);
Insert into STUDENT123.DAILY_WEATHER (DATE_TIME,CITY_ID,TIME,TEMPERATURE,STATUS_ID,WIND_LEVEL,HUMIDITY,WIND_DIRECTION,RECORD_ID) values (to_date('09-APR-19','DD-MON-RR'),1,12,8,4,'3~4','Unknown','north',21);
Insert into STUDENT123.DAILY_WEATHER (DATE_TIME,CITY_ID,TIME,TEMPERATURE,STATUS_ID,WIND_LEVEL,HUMIDITY,WIND_DIRECTION,RECORD_ID) values (to_date('09-APR-19','DD-MON-RR'),1,15,9,4,'3~4','Unknown','north',22);
Insert into STUDENT123.DAILY_WEATHER (DATE_TIME,CITY_ID,TIME,TEMPERATURE,STATUS_ID,WIND_LEVEL,HUMIDITY,WIND_DIRECTION,RECORD_ID) values (to_date('09-APR-19','DD-MON-RR'),1,21,7,4,'3~4','Unknown','north',24);
Insert into STUDENT123.DAILY_WEATHER (DATE_TIME,CITY_ID,TIME,TEMPERATURE,STATUS_ID,WIND_LEVEL,HUMIDITY,WIND_DIRECTION,RECORD_ID) values (to_date('10-APR-19','DD-MON-RR'),1,0,5,4,'3~4','Unknown','north',25);
Insert into STUDENT123.DAILY_WEATHER (DATE_TIME,CITY_ID,TIME,TEMPERATURE,STATUS_ID,WIND_LEVEL,HUMIDITY,WIND_DIRECTION,RECORD_ID) values (to_date('10-APR-19','DD-MON-RR'),1,3,3,4,'3~4','Unknown','north',26);
Insert into STUDENT123.DAILY_WEATHER (DATE_TIME,CITY_ID,TIME,TEMPERATURE,STATUS_ID,WIND_LEVEL,HUMIDITY,WIND_DIRECTION,RECORD_ID) values (to_date('10-APR-19','DD-MON-RR'),1,6,3,4,'3~4','Unknown','north',27);
Insert into STUDENT123.DAILY_WEATHER (DATE_TIME,CITY_ID,TIME,TEMPERATURE,STATUS_ID,WIND_LEVEL,HUMIDITY,WIND_DIRECTION,RECORD_ID) values (to_date('10-APR-19','DD-MON-RR'),1,12,14,4,'3~4','Unknown','north',29);
Insert into STUDENT123.DAILY_WEATHER (DATE_TIME,CITY_ID,TIME,TEMPERATURE,STATUS_ID,WIND_LEVEL,HUMIDITY,WIND_DIRECTION,RECORD_ID) values (to_date('10-APR-19','DD-MON-RR'),1,15,13,4,'3~4','Unknown','north',30);
Insert into STUDENT123.DAILY_WEATHER (DATE_TIME,CITY_ID,TIME,TEMPERATURE,STATUS_ID,WIND_LEVEL,HUMIDITY,WIND_DIRECTION,RECORD_ID) values (to_date('10-APR-19','DD-MON-RR'),1,18,12,4,'3~4','Unknown','north',31);
Insert into STUDENT123.DAILY_WEATHER (DATE_TIME,CITY_ID,TIME,TEMPERATURE,STATUS_ID,WIND_LEVEL,HUMIDITY,WIND_DIRECTION,RECORD_ID) values (to_date('10-APR-19','DD-MON-RR'),1,21,7,4,'3~4','Unknown','north',32);
Insert into STUDENT123.DAILY_WEATHER (DATE_TIME,CITY_ID,TIME,TEMPERATURE,STATUS_ID,WIND_LEVEL,HUMIDITY,WIND_DIRECTION,RECORD_ID) values (to_date('11-APR-19','DD-MON-RR'),1,3,6,4,'1~2','Unknown','south',34);
Insert into STUDENT123.DAILY_WEATHER (DATE_TIME,CITY_ID,TIME,TEMPERATURE,STATUS_ID,WIND_LEVEL,HUMIDITY,WIND_DIRECTION,RECORD_ID) values (to_date('11-APR-19','DD-MON-RR'),1,6,6,4,'1~2','Unknown','south',35);
Insert into STUDENT123.DAILY_WEATHER (DATE_TIME,CITY_ID,TIME,TEMPERATURE,STATUS_ID,WIND_LEVEL,HUMIDITY,WIND_DIRECTION,RECORD_ID) values (to_date('11-APR-19','DD-MON-RR'),1,9,8,4,'1~2','Unknown','south',36);
Insert into STUDENT123.DAILY_WEATHER (DATE_TIME,CITY_ID,TIME,TEMPERATURE,STATUS_ID,WIND_LEVEL,HUMIDITY,WIND_DIRECTION,RECORD_ID) values (to_date('11-APR-19','DD-MON-RR'),1,12,18,4,'1~2','Unknown','south',37);
Insert into STUDENT123.DAILY_WEATHER (DATE_TIME,CITY_ID,TIME,TEMPERATURE,STATUS_ID,WIND_LEVEL,HUMIDITY,WIND_DIRECTION,RECORD_ID) values (to_date('11-APR-19','DD-MON-RR'),1,18,15,4,'1~2','Unknown','south',39);
Insert into STUDENT123.DAILY_WEATHER (DATE_TIME,CITY_ID,TIME,TEMPERATURE,STATUS_ID,WIND_LEVEL,HUMIDITY,WIND_DIRECTION,RECORD_ID) values (to_date('11-APR-19','DD-MON-RR'),1,21,11,4,'1~2','Unknown','south',40);
Insert into STUDENT123.DAILY_WEATHER (DATE_TIME,CITY_ID,TIME,TEMPERATURE,STATUS_ID,WIND_LEVEL,HUMIDITY,WIND_DIRECTION,RECORD_ID) values (to_date('12-APR-19','DD-MON-RR'),1,0,7,4,'3','Unknown','SouthWest',41);
Insert into STUDENT123.DAILY_WEATHER (DATE_TIME,CITY_ID,TIME,TEMPERATURE,STATUS_ID,WIND_LEVEL,HUMIDITY,WIND_DIRECTION,RECORD_ID) values (to_date('12-APR-19','DD-MON-RR'),1,3,5,4,'3','Unknown','SouthWest',42);
Insert into STUDENT123.DAILY_WEATHER (DATE_TIME,CITY_ID,TIME,TEMPERATURE,STATUS_ID,WIND_LEVEL,HUMIDITY,WIND_DIRECTION,RECORD_ID) values (to_date('12-APR-19','DD-MON-RR'),1,9,9,4,'3','Unknown','SouthWest',44);
Insert into STUDENT123.DAILY_WEATHER (DATE_TIME,CITY_ID,TIME,TEMPERATURE,STATUS_ID,WIND_LEVEL,HUMIDITY,WIND_DIRECTION,RECORD_ID) values (to_date('12-APR-19','DD-MON-RR'),1,12,16,4,'3','Unknown','SouthWest',45);
Insert into STUDENT123.DAILY_WEATHER (DATE_TIME,CITY_ID,TIME,TEMPERATURE,STATUS_ID,WIND_LEVEL,HUMIDITY,WIND_DIRECTION,RECORD_ID) values (to_date('12-APR-19','DD-MON-RR'),1,15,22,4,'5','Unknown','SouthWest',46);
Insert into STUDENT123.DAILY_WEATHER (DATE_TIME,CITY_ID,TIME,TEMPERATURE,STATUS_ID,WIND_LEVEL,HUMIDITY,WIND_DIRECTION,RECORD_ID) values (to_date('12-APR-19','DD-MON-RR'),1,18,19,4,'4','Unknown','SouthWest',47);
Insert into STUDENT123.DAILY_WEATHER (DATE_TIME,CITY_ID,TIME,TEMPERATURE,STATUS_ID,WIND_LEVEL,HUMIDITY,WIND_DIRECTION,RECORD_ID) values (to_date('12-APR-19','DD-MON-RR'),1,21,13,4,'3','Unknown','south',48);
Insert into STUDENT123.DAILY_WEATHER (DATE_TIME,CITY_ID,TIME,TEMPERATURE,STATUS_ID,WIND_LEVEL,HUMIDITY,WIND_DIRECTION,RECORD_ID) values (to_date('13-APR-19','DD-MON-RR'),1,3,9,4,'3','Unknown','south',50);
Insert into STUDENT123.DAILY_WEATHER (DATE_TIME,CITY_ID,TIME,TEMPERATURE,STATUS_ID,WIND_LEVEL,HUMIDITY,WIND_DIRECTION,RECORD_ID) values (to_date('13-APR-19','DD-MON-RR'),1,6,10,4,'3','Unknown','south',51);
Insert into STUDENT123.DAILY_WEATHER (DATE_TIME,CITY_ID,TIME,TEMPERATURE,STATUS_ID,WIND_LEVEL,HUMIDITY,WIND_DIRECTION,RECORD_ID) values (to_date('13-APR-19','DD-MON-RR'),1,9,14,4,'3','Unknown','south',52);
Insert into STUDENT123.DAILY_WEATHER (DATE_TIME,CITY_ID,TIME,TEMPERATURE,STATUS_ID,WIND_LEVEL,HUMIDITY,WIND_DIRECTION,RECORD_ID) values (to_date('13-APR-19','DD-MON-RR'),1,15,20,4,'4','Unknown','north',54);
Insert into STUDENT123.DAILY_WEATHER (DATE_TIME,CITY_ID,TIME,TEMPERATURE,STATUS_ID,WIND_LEVEL,HUMIDITY,WIND_DIRECTION,RECORD_ID) values (to_date('13-APR-19','DD-MON-RR'),1,18,16,4,'4','Unknown','north',55);
Insert into STUDENT123.DAILY_WEATHER (DATE_TIME,CITY_ID,TIME,TEMPERATURE,STATUS_ID,WIND_LEVEL,HUMIDITY,WIND_DIRECTION,RECORD_ID) values (to_date('13-APR-19','DD-MON-RR'),1,21,14,4,'4','Unknown','north',56);
Insert into STUDENT123.DAILY_WEATHER (DATE_TIME,CITY_ID,TIME,TEMPERATURE,STATUS_ID,WIND_LEVEL,HUMIDITY,WIND_DIRECTION,RECORD_ID) values (to_date('07-APR-19','DD-MON-RR'),2,0,11,1,'2','Unknown','NorthEast',57);
Insert into STUDENT123.DAILY_WEATHER (DATE_TIME,CITY_ID,TIME,TEMPERATURE,STATUS_ID,WIND_LEVEL,HUMIDITY,WIND_DIRECTION,RECORD_ID) values (to_date('07-APR-19','DD-MON-RR'),2,6,12,1,'2','Unknown','NorthEast',59);
Insert into STUDENT123.DAILY_WEATHER (DATE_TIME,CITY_ID,TIME,TEMPERATURE,STATUS_ID,WIND_LEVEL,HUMIDITY,WIND_DIRECTION,RECORD_ID) values (to_date('07-APR-19','DD-MON-RR'),2,9,15,1,'2','Unknown','NorthEast',60);
Insert into STUDENT123.DAILY_WEATHER (DATE_TIME,CITY_ID,TIME,TEMPERATURE,STATUS_ID,WIND_LEVEL,HUMIDITY,WIND_DIRECTION,RECORD_ID) values (to_date('07-APR-19','DD-MON-RR'),2,12,19,1,'2','Unknown','NorthEast',61);
Insert into STUDENT123.DAILY_WEATHER (DATE_TIME,CITY_ID,TIME,TEMPERATURE,STATUS_ID,WIND_LEVEL,HUMIDITY,WIND_DIRECTION,RECORD_ID) values (to_date('07-APR-19','DD-MON-RR'),2,15,19,1,'2','Unknown','NorthEast',62);
Insert into STUDENT123.DAILY_WEATHER (DATE_TIME,CITY_ID,TIME,TEMPERATURE,STATUS_ID,WIND_LEVEL,HUMIDITY,WIND_DIRECTION,RECORD_ID) values (to_date('07-APR-19','DD-MON-RR'),2,21,14,2,'2','Unknown','NorthEast',64);
Insert into STUDENT123.DAILY_WEATHER (DATE_TIME,CITY_ID,TIME,TEMPERATURE,STATUS_ID,WIND_LEVEL,HUMIDITY,WIND_DIRECTION,RECORD_ID) values (to_date('08-APR-19','DD-MON-RR'),2,0,12,2,'3','Unknown','NorthEast',65);
Insert into STUDENT123.DAILY_WEATHER (DATE_TIME,CITY_ID,TIME,TEMPERATURE,STATUS_ID,WIND_LEVEL,HUMIDITY,WIND_DIRECTION,RECORD_ID) values (to_date('08-APR-19','DD-MON-RR'),2,3,11,2,'3','Unknown','NorthEast',66);
Insert into STUDENT123.DAILY_WEATHER (DATE_TIME,CITY_ID,TIME,TEMPERATURE,STATUS_ID,WIND_LEVEL,HUMIDITY,WIND_DIRECTION,RECORD_ID) values (to_date('08-APR-19','DD-MON-RR'),2,6,10,2,'3','Unknown','NorthEast',67);
Insert into STUDENT123.DAILY_WEATHER (DATE_TIME,CITY_ID,TIME,TEMPERATURE,STATUS_ID,WIND_LEVEL,HUMIDITY,WIND_DIRECTION,RECORD_ID) values (to_date('08-APR-19','DD-MON-RR'),2,12,15,2,'3','Unknown','NorthEast',69);
Insert into STUDENT123.DAILY_WEATHER (DATE_TIME,CITY_ID,TIME,TEMPERATURE,STATUS_ID,WIND_LEVEL,HUMIDITY,WIND_DIRECTION,RECORD_ID) values (to_date('08-APR-19','DD-MON-RR'),2,15,17,2,'3','Unknown','NorthEast',70);
Insert into STUDENT123.DAILY_WEATHER (DATE_TIME,CITY_ID,TIME,TEMPERATURE,STATUS_ID,WIND_LEVEL,HUMIDITY,WIND_DIRECTION,RECORD_ID) values (to_date('08-APR-19','DD-MON-RR'),2,18,14,2,'3','Unknown','NorthEast',71);
Insert into STUDENT123.DAILY_WEATHER (DATE_TIME,CITY_ID,TIME,TEMPERATURE,STATUS_ID,WIND_LEVEL,HUMIDITY,WIND_DIRECTION,RECORD_ID) values (to_date('08-APR-19','DD-MON-RR'),2,21,10,2,'3','Unknown','NorthEast',72);
Insert into STUDENT123.DAILY_WEATHER (DATE_TIME,CITY_ID,TIME,TEMPERATURE,STATUS_ID,WIND_LEVEL,HUMIDITY,WIND_DIRECTION,RECORD_ID) values (to_date('09-APR-19','DD-MON-RR'),2,0,9,4,'4','Unknown','NorthWest',73);
Insert into STUDENT123.DAILY_WEATHER (DATE_TIME,CITY_ID,TIME,TEMPERATURE,STATUS_ID,WIND_LEVEL,HUMIDITY,WIND_DIRECTION,RECORD_ID) values (to_date('09-APR-19','DD-MON-RR'),2,6,8,4,'4','Unknown','NorthWest',75);
Insert into STUDENT123.DAILY_WEATHER (DATE_TIME,CITY_ID,TIME,TEMPERATURE,STATUS_ID,WIND_LEVEL,HUMIDITY,WIND_DIRECTION,RECORD_ID) values (to_date('09-APR-19','DD-MON-RR'),2,9,13,4,'4','Unknown','NorthWest',76);
Insert into STUDENT123.DAILY_WEATHER (DATE_TIME,CITY_ID,TIME,TEMPERATURE,STATUS_ID,WIND_LEVEL,HUMIDITY,WIND_DIRECTION,RECORD_ID) values (to_date('09-APR-19','DD-MON-RR'),2,12,15,2,'4','Unknown','NorthWest',77);
Insert into STUDENT123.DAILY_WEATHER (DATE_TIME,CITY_ID,TIME,TEMPERATURE,STATUS_ID,WIND_LEVEL,HUMIDITY,WIND_DIRECTION,RECORD_ID) values (to_date('09-APR-19','DD-MON-RR'),2,15,16,2,'4','Unknown','NorthWest',78);
Insert into STUDENT123.DAILY_WEATHER (DATE_TIME,CITY_ID,TIME,TEMPERATURE,STATUS_ID,WIND_LEVEL,HUMIDITY,WIND_DIRECTION,RECORD_ID) values (to_date('09-APR-19','DD-MON-RR'),2,21,9,2,'4','Unknown','NorthWest',80);
Insert into STUDENT123.DAILY_WEATHER (DATE_TIME,CITY_ID,TIME,TEMPERATURE,STATUS_ID,WIND_LEVEL,HUMIDITY,WIND_DIRECTION,RECORD_ID) values (to_date('10-APR-19','DD-MON-RR'),2,0,8,6,'3','Unknown','NorthEast',81);
Insert into STUDENT123.DAILY_WEATHER (DATE_TIME,CITY_ID,TIME,TEMPERATURE,STATUS_ID,WIND_LEVEL,HUMIDITY,WIND_DIRECTION,RECORD_ID) values (to_date('10-APR-19','DD-MON-RR'),2,3,7,6,'3','Unknown','NorthEast',82);
Insert into STUDENT123.DAILY_WEATHER (DATE_TIME,CITY_ID,TIME,TEMPERATURE,STATUS_ID,WIND_LEVEL,HUMIDITY,WIND_DIRECTION,RECORD_ID) values (to_date('10-APR-19','DD-MON-RR'),2,6,7,6,'3','Unknown','NorthEast',83);
Insert into STUDENT123.DAILY_WEATHER (DATE_TIME,CITY_ID,TIME,TEMPERATURE,STATUS_ID,WIND_LEVEL,HUMIDITY,WIND_DIRECTION,RECORD_ID) values (to_date('10-APR-19','DD-MON-RR'),2,12,10,6,'3','Unknown','NorthEast',85);
Insert into STUDENT123.DAILY_WEATHER (DATE_TIME,CITY_ID,TIME,TEMPERATURE,STATUS_ID,WIND_LEVEL,HUMIDITY,WIND_DIRECTION,RECORD_ID) values (to_date('10-APR-19','DD-MON-RR'),2,15,8,6,'3','Unknown','NorthEast',86);
Insert into STUDENT123.DAILY_WEATHER (DATE_TIME,CITY_ID,TIME,TEMPERATURE,STATUS_ID,WIND_LEVEL,HUMIDITY,WIND_DIRECTION,RECORD_ID) values (to_date('10-APR-19','DD-MON-RR'),2,18,7,6,'3','Unknown','NorthEast',87);
Insert into STUDENT123.DAILY_WEATHER (DATE_TIME,CITY_ID,TIME,TEMPERATURE,STATUS_ID,WIND_LEVEL,HUMIDITY,WIND_DIRECTION,RECORD_ID) values (to_date('10-APR-19','DD-MON-RR'),2,21,7,6,'3','Unknown','NorthEast',88);
Insert into STUDENT123.DAILY_WEATHER (DATE_TIME,CITY_ID,TIME,TEMPERATURE,STATUS_ID,WIND_LEVEL,HUMIDITY,WIND_DIRECTION,RECORD_ID) values (to_date('11-APR-19','DD-MON-RR'),2,0,6,1,'4','Unknown','NorthWest',89);
Insert into STUDENT123.DAILY_WEATHER (DATE_TIME,CITY_ID,TIME,TEMPERATURE,STATUS_ID,WIND_LEVEL,HUMIDITY,WIND_DIRECTION,RECORD_ID) values (to_date('11-APR-19','DD-MON-RR'),2,6,7,1,'4','Unknown','NorthWest',91);
Insert into STUDENT123.DAILY_WEATHER (DATE_TIME,CITY_ID,TIME,TEMPERATURE,STATUS_ID,WIND_LEVEL,HUMIDITY,WIND_DIRECTION,RECORD_ID) values (to_date('11-APR-19','DD-MON-RR'),2,9,9,1,'4','Unknown','NorthWest',92);
Insert into STUDENT123.DAILY_WEATHER (DATE_TIME,CITY_ID,TIME,TEMPERATURE,STATUS_ID,WIND_LEVEL,HUMIDITY,WIND_DIRECTION,RECORD_ID) values (to_date('11-APR-19','DD-MON-RR'),2,12,12,1,'4','Unknown','NorthWest',93);
Insert into STUDENT123.DAILY_WEATHER (DATE_TIME,CITY_ID,TIME,TEMPERATURE,STATUS_ID,WIND_LEVEL,HUMIDITY,WIND_DIRECTION,RECORD_ID) values (to_date('11-APR-19','DD-MON-RR'),2,15,11,1,'4','Unknown','NorthWest',94);
Insert into STUDENT123.DAILY_WEATHER (DATE_TIME,CITY_ID,TIME,TEMPERATURE,STATUS_ID,WIND_LEVEL,HUMIDITY,WIND_DIRECTION,RECORD_ID) values (to_date('11-APR-19','DD-MON-RR'),2,21,8,1,'4','Unknown','NorthWest',96);
Insert into STUDENT123.DAILY_WEATHER (DATE_TIME,CITY_ID,TIME,TEMPERATURE,STATUS_ID,WIND_LEVEL,HUMIDITY,WIND_DIRECTION,RECORD_ID) values (to_date('12-APR-19','DD-MON-RR'),2,0,7,4,'3','Unknown','NorthEast',97);
Insert into STUDENT123.DAILY_WEATHER (DATE_TIME,CITY_ID,TIME,TEMPERATURE,STATUS_ID,WIND_LEVEL,HUMIDITY,WIND_DIRECTION,RECORD_ID) values (to_date('12-APR-19','DD-MON-RR'),2,3,7,4,'3','Unknown','NorthEast',98);
Insert into STUDENT123.DAILY_WEATHER (DATE_TIME,CITY_ID,TIME,TEMPERATURE,STATUS_ID,WIND_LEVEL,HUMIDITY,WIND_DIRECTION,RECORD_ID) values (to_date('12-APR-19','DD-MON-RR'),2,6,7,4,'3','Unknown','NorthEast',99);
Insert into STUDENT123.DAILY_WEATHER (DATE_TIME,CITY_ID,TIME,TEMPERATURE,STATUS_ID,WIND_LEVEL,HUMIDITY,WIND_DIRECTION,RECORD_ID) values (to_date('12-APR-19','DD-MON-RR'),2,12,12,4,'3','Unknown','NorthEast',101);
Insert into STUDENT123.DAILY_WEATHER (DATE_TIME,CITY_ID,TIME,TEMPERATURE,STATUS_ID,WIND_LEVEL,HUMIDITY,WIND_DIRECTION,RECORD_ID) values (to_date('12-APR-19','DD-MON-RR'),2,15,15,4,'3','Unknown','NorthEast',102);
Insert into STUDENT123.DAILY_WEATHER (DATE_TIME,CITY_ID,TIME,TEMPERATURE,STATUS_ID,WIND_LEVEL,HUMIDITY,WIND_DIRECTION,RECORD_ID) values (to_date('12-APR-19','DD-MON-RR'),2,18,13,4,'3','Unknown','NorthEast',103);
Insert into STUDENT123.DAILY_WEATHER (DATE_TIME,CITY_ID,TIME,TEMPERATURE,STATUS_ID,WIND_LEVEL,HUMIDITY,WIND_DIRECTION,RECORD_ID) values (to_date('12-APR-19','DD-MON-RR'),2,21,10,4,'3','Unknown','NorthEast',104);
Insert into STUDENT123.DAILY_WEATHER (DATE_TIME,CITY_ID,TIME,TEMPERATURE,STATUS_ID,WIND_LEVEL,HUMIDITY,WIND_DIRECTION,RECORD_ID) values (to_date('13-APR-19','DD-MON-RR'),2,3,7,2,'3','Unknown','North',106);
Insert into STUDENT123.DAILY_WEATHER (DATE_TIME,CITY_ID,TIME,TEMPERATURE,STATUS_ID,WIND_LEVEL,HUMIDITY,WIND_DIRECTION,RECORD_ID) values (to_date('13-APR-19','DD-MON-RR'),2,6,8,2,'3','Unknown','North',107);
Insert into STUDENT123.DAILY_WEATHER (DATE_TIME,CITY_ID,TIME,TEMPERATURE,STATUS_ID,WIND_LEVEL,HUMIDITY,WIND_DIRECTION,RECORD_ID) values (to_date('13-APR-19','DD-MON-RR'),2,9,14,2,'3','Unknown','North',108);
Insert into STUDENT123.DAILY_WEATHER (DATE_TIME,CITY_ID,TIME,TEMPERATURE,STATUS_ID,WIND_LEVEL,HUMIDITY,WIND_DIRECTION,RECORD_ID) values (to_date('13-APR-19','DD-MON-RR'),2,12,14,1,'3','Unknown','NorthEast',109);
Insert into STUDENT123.DAILY_WEATHER (DATE_TIME,CITY_ID,TIME,TEMPERATURE,STATUS_ID,WIND_LEVEL,HUMIDITY,WIND_DIRECTION,RECORD_ID) values (to_date('13-APR-19','DD-MON-RR'),2,18,13,4,'3','Unknown','SouthEast',111);
Insert into STUDENT123.DAILY_WEATHER (DATE_TIME,CITY_ID,TIME,TEMPERATURE,STATUS_ID,WIND_LEVEL,HUMIDITY,WIND_DIRECTION,RECORD_ID) values (to_date('13-APR-19','DD-MON-RR'),2,21,11,1,'3','Unknown','South',112);
Insert into STUDENT123.DAILY_WEATHER (DATE_TIME,CITY_ID,TIME,TEMPERATURE,STATUS_ID,WIND_LEVEL,HUMIDITY,WIND_DIRECTION,RECORD_ID) values (to_date('07-APR-19','DD-MON-RR'),3,0,10,4,'3','Unknown',null,113);
Insert into STUDENT123.DAILY_WEATHER (DATE_TIME,CITY_ID,TIME,TEMPERATURE,STATUS_ID,WIND_LEVEL,HUMIDITY,WIND_DIRECTION,RECORD_ID) values (to_date('07-APR-19','DD-MON-RR'),3,6,8,4,'4','Unknown',null,115);
Insert into STUDENT123.DAILY_WEATHER (DATE_TIME,CITY_ID,TIME,TEMPERATURE,STATUS_ID,WIND_LEVEL,HUMIDITY,WIND_DIRECTION,RECORD_ID) values (to_date('07-APR-19','DD-MON-RR'),3,12,16,4,'4','Unknown',null,117);
Insert into STUDENT123.DAILY_WEATHER (DATE_TIME,CITY_ID,TIME,TEMPERATURE,STATUS_ID,WIND_LEVEL,HUMIDITY,WIND_DIRECTION,RECORD_ID) values (to_date('07-APR-19','DD-MON-RR'),3,15,18,4,'2','Unknown',null,118);
Insert into STUDENT123.DAILY_WEATHER (DATE_TIME,CITY_ID,TIME,TEMPERATURE,STATUS_ID,WIND_LEVEL,HUMIDITY,WIND_DIRECTION,RECORD_ID) values (to_date('07-APR-19','DD-MON-RR'),3,18,16,4,'2','Unknown',null,119);
Insert into STUDENT123.DAILY_WEATHER (DATE_TIME,CITY_ID,TIME,TEMPERATURE,STATUS_ID,WIND_LEVEL,HUMIDITY,WIND_DIRECTION,RECORD_ID) values (to_date('08-APR-19','DD-MON-RR'),3,3,10,1,'2','Unknown',null,122);
Insert into STUDENT123.DAILY_WEATHER (DATE_TIME,CITY_ID,TIME,TEMPERATURE,STATUS_ID,WIND_LEVEL,HUMIDITY,WIND_DIRECTION,RECORD_ID) values (to_date('08-APR-19','DD-MON-RR'),3,6,8,1,'2','Unknown',null,123);
Insert into STUDENT123.DAILY_WEATHER (DATE_TIME,CITY_ID,TIME,TEMPERATURE,STATUS_ID,WIND_LEVEL,HUMIDITY,WIND_DIRECTION,RECORD_ID) values (to_date('08-APR-19','DD-MON-RR'),3,9,12,1,'2','Unknown',null,124);
Insert into STUDENT123.DAILY_WEATHER (DATE_TIME,CITY_ID,TIME,TEMPERATURE,STATUS_ID,WIND_LEVEL,HUMIDITY,WIND_DIRECTION,RECORD_ID) values (to_date('08-APR-19','DD-MON-RR'),3,15,18,1,'3','Unknown',null,126);
Insert into STUDENT123.DAILY_WEATHER (DATE_TIME,CITY_ID,TIME,TEMPERATURE,STATUS_ID,WIND_LEVEL,HUMIDITY,WIND_DIRECTION,RECORD_ID) values (to_date('08-APR-19','DD-MON-RR'),3,18,16,1,'3','Unknown',null,127);
Insert into STUDENT123.DAILY_WEATHER (DATE_TIME,CITY_ID,TIME,TEMPERATURE,STATUS_ID,WIND_LEVEL,HUMIDITY,WIND_DIRECTION,RECORD_ID) values (to_date('09-APR-19','DD-MON-RR'),3,3,8,2,'3','Unknown',null,130);
Insert into STUDENT123.DAILY_WEATHER (DATE_TIME,CITY_ID,TIME,TEMPERATURE,STATUS_ID,WIND_LEVEL,HUMIDITY,WIND_DIRECTION,RECORD_ID) values (to_date('09-APR-19','DD-MON-RR'),3,12,11,2,'3','Unknown',null,133);
Insert into STUDENT123.DAILY_WEATHER (DATE_TIME,CITY_ID,TIME,TEMPERATURE,STATUS_ID,WIND_LEVEL,HUMIDITY,WIND_DIRECTION,RECORD_ID) values (to_date('09-APR-19','DD-MON-RR'),3,18,8,2,'4','Unknown',null,135);
Insert into STUDENT123.DAILY_WEATHER (DATE_TIME,CITY_ID,TIME,TEMPERATURE,STATUS_ID,WIND_LEVEL,HUMIDITY,WIND_DIRECTION,RECORD_ID) values (to_date('10-APR-19','DD-MON-RR'),3,0,5,2,'4','Unknown',null,137);
Insert into STUDENT123.DAILY_WEATHER (DATE_TIME,CITY_ID,TIME,TEMPERATURE,STATUS_ID,WIND_LEVEL,HUMIDITY,WIND_DIRECTION,RECORD_ID) values (to_date('10-APR-19','DD-MON-RR'),3,9,7,4,'4','Unknown',null,140);
Insert into STUDENT123.DAILY_WEATHER (DATE_TIME,CITY_ID,TIME,TEMPERATURE,STATUS_ID,WIND_LEVEL,HUMIDITY,WIND_DIRECTION,RECORD_ID) values (to_date('10-APR-19','DD-MON-RR'),3,21,9,2,'3','Unknown',null,144);
Insert into STUDENT123.DAILY_WEATHER (DATE_TIME,CITY_ID,TIME,TEMPERATURE,STATUS_ID,WIND_LEVEL,HUMIDITY,WIND_DIRECTION,RECORD_ID) values (to_date('11-APR-19','DD-MON-RR'),3,0,6,2,'3','Unknown',null,145);
Insert into STUDENT123.DAILY_WEATHER (DATE_TIME,CITY_ID,TIME,TEMPERATURE,STATUS_ID,WIND_LEVEL,HUMIDITY,WIND_DIRECTION,RECORD_ID) values (to_date('11-APR-19','DD-MON-RR'),3,6,5,6,'3','Unknown',null,147);
Insert into STUDENT123.DAILY_WEATHER (DATE_TIME,CITY_ID,TIME,TEMPERATURE,STATUS_ID,WIND_LEVEL,HUMIDITY,WIND_DIRECTION,RECORD_ID) values (to_date('11-APR-19','DD-MON-RR'),3,21,10,6,'4','Unknown',null,152);
Insert into STUDENT123.DAILY_WEATHER (DATE_TIME,CITY_ID,TIME,TEMPERATURE,STATUS_ID,WIND_LEVEL,HUMIDITY,WIND_DIRECTION,RECORD_ID) values (to_date('12-APR-19','DD-MON-RR'),3,0,6,6,'4','Unknown',null,153);
Insert into STUDENT123.DAILY_WEATHER (DATE_TIME,CITY_ID,TIME,TEMPERATURE,STATUS_ID,WIND_LEVEL,HUMIDITY,WIND_DIRECTION,RECORD_ID) values (to_date('12-APR-19','DD-MON-RR'),3,9,11,1,'4','Unknown',null,156);
Insert into STUDENT123.DAILY_WEATHER (DATE_TIME,CITY_ID,TIME,TEMPERATURE,STATUS_ID,WIND_LEVEL,HUMIDITY,WIND_DIRECTION,RECORD_ID) values (to_date('12-APR-19','DD-MON-RR'),3,18,8,1,'3','Unknown',null,159);
Insert into STUDENT123.DAILY_WEATHER (DATE_TIME,CITY_ID,TIME,TEMPERATURE,STATUS_ID,WIND_LEVEL,HUMIDITY,WIND_DIRECTION,RECORD_ID) values (to_date('13-APR-19','DD-MON-RR'),3,0,7,1,'3','Unknown',null,161);
Insert into STUDENT123.DAILY_WEATHER (DATE_TIME,CITY_ID,TIME,TEMPERATURE,STATUS_ID,WIND_LEVEL,HUMIDITY,WIND_DIRECTION,RECORD_ID) values (to_date('13-APR-19','DD-MON-RR'),3,6,8,4,'3','Unknown',null,163);
Insert into STUDENT123.DAILY_WEATHER (DATE_TIME,CITY_ID,TIME,TEMPERATURE,STATUS_ID,WIND_LEVEL,HUMIDITY,WIND_DIRECTION,RECORD_ID) values (to_date('07-APR-19','DD-MON-RR'),4,0,4,2,'2','Unknown','Northwest',169);
Insert into STUDENT123.DAILY_WEATHER (DATE_TIME,CITY_ID,TIME,TEMPERATURE,STATUS_ID,WIND_LEVEL,HUMIDITY,WIND_DIRECTION,RECORD_ID) values (to_date('07-APR-19','DD-MON-RR'),4,6,8,2,'2','Unknown','Northwest',171);
Insert into STUDENT123.DAILY_WEATHER (DATE_TIME,CITY_ID,TIME,TEMPERATURE,STATUS_ID,WIND_LEVEL,HUMIDITY,WIND_DIRECTION,RECORD_ID) values (to_date('07-APR-19','DD-MON-RR'),4,12,18,2,'2','Unknown','Northwest',173);
Insert into STUDENT123.DAILY_WEATHER (DATE_TIME,CITY_ID,TIME,TEMPERATURE,STATUS_ID,WIND_LEVEL,HUMIDITY,WIND_DIRECTION,RECORD_ID) values (to_date('07-APR-19','DD-MON-RR'),4,15,17,2,'2','Unknown','Northwest',174);
Insert into STUDENT123.DAILY_WEATHER (DATE_TIME,CITY_ID,TIME,TEMPERATURE,STATUS_ID,WIND_LEVEL,HUMIDITY,WIND_DIRECTION,RECORD_ID) values (to_date('07-APR-19','DD-MON-RR'),4,18,11,2,'2','Unknown','Northwest',175);
Insert into STUDENT123.DAILY_WEATHER (DATE_TIME,CITY_ID,TIME,TEMPERATURE,STATUS_ID,WIND_LEVEL,HUMIDITY,WIND_DIRECTION,RECORD_ID) values (to_date('07-APR-19','DD-MON-RR'),4,21,8,2,'2','Unknown','Northwest',176);
Insert into STUDENT123.DAILY_WEATHER (DATE_TIME,CITY_ID,TIME,TEMPERATURE,STATUS_ID,WIND_LEVEL,HUMIDITY,WIND_DIRECTION,RECORD_ID) values (to_date('08-APR-19','DD-MON-RR'),4,6,11,2,'3','Unknown','Southeast',179);
Insert into STUDENT123.DAILY_WEATHER (DATE_TIME,CITY_ID,TIME,TEMPERATURE,STATUS_ID,WIND_LEVEL,HUMIDITY,WIND_DIRECTION,RECORD_ID) values (to_date('08-APR-19','DD-MON-RR'),4,9,13,2,'3','Unknown','Southeast',180);
Insert into STUDENT123.DAILY_WEATHER (DATE_TIME,CITY_ID,TIME,TEMPERATURE,STATUS_ID,WIND_LEVEL,HUMIDITY,WIND_DIRECTION,RECORD_ID) values (to_date('08-APR-19','DD-MON-RR'),4,12,16,2,'3','Unknown','Southeast',181);
Insert into STUDENT123.DAILY_WEATHER (DATE_TIME,CITY_ID,TIME,TEMPERATURE,STATUS_ID,WIND_LEVEL,HUMIDITY,WIND_DIRECTION,RECORD_ID) values (to_date('08-APR-19','DD-MON-RR'),4,15,15,2,'3','Unknown','Southeast',182);
Insert into STUDENT123.DAILY_WEATHER (DATE_TIME,CITY_ID,TIME,TEMPERATURE,STATUS_ID,WIND_LEVEL,HUMIDITY,WIND_DIRECTION,RECORD_ID) values (to_date('08-APR-19','DD-MON-RR'),4,18,13,2,'3','Unknown','Southeast',183);
Insert into STUDENT123.DAILY_WEATHER (DATE_TIME,CITY_ID,TIME,TEMPERATURE,STATUS_ID,WIND_LEVEL,HUMIDITY,WIND_DIRECTION,RECORD_ID) values (to_date('09-APR-19','DD-MON-RR'),4,0,9,4,'2','Unknown','Southwest',185);
Insert into STUDENT123.DAILY_WEATHER (DATE_TIME,CITY_ID,TIME,TEMPERATURE,STATUS_ID,WIND_LEVEL,HUMIDITY,WIND_DIRECTION,RECORD_ID) values (to_date('09-APR-19','DD-MON-RR'),4,6,10,4,'2','Unknown','Southwest',187);
Insert into STUDENT123.DAILY_WEATHER (DATE_TIME,CITY_ID,TIME,TEMPERATURE,STATUS_ID,WIND_LEVEL,HUMIDITY,WIND_DIRECTION,RECORD_ID) values (to_date('09-APR-19','DD-MON-RR'),4,9,17,4,'2','Unknown','Southwest',188);
Insert into STUDENT123.DAILY_WEATHER (DATE_TIME,CITY_ID,TIME,TEMPERATURE,STATUS_ID,WIND_LEVEL,HUMIDITY,WIND_DIRECTION,RECORD_ID) values (to_date('09-APR-19','DD-MON-RR'),4,12,23,4,'2','Unknown','Southwest',189);
Insert into STUDENT123.DAILY_WEATHER (DATE_TIME,CITY_ID,TIME,TEMPERATURE,STATUS_ID,WIND_LEVEL,HUMIDITY,WIND_DIRECTION,RECORD_ID) values (to_date('09-APR-19','DD-MON-RR'),4,18,17,4,'2','Unknown','Southwest',191);
Insert into STUDENT123.DAILY_WEATHER (DATE_TIME,CITY_ID,TIME,TEMPERATURE,STATUS_ID,WIND_LEVEL,HUMIDITY,WIND_DIRECTION,RECORD_ID) values (to_date('09-APR-19','DD-MON-RR'),4,21,13,4,'2','Unknown','Southwest',192);
Insert into STUDENT123.DAILY_WEATHER (DATE_TIME,CITY_ID,TIME,TEMPERATURE,STATUS_ID,WIND_LEVEL,HUMIDITY,WIND_DIRECTION,RECORD_ID) values (to_date('10-APR-19','DD-MON-RR'),4,3,8,4,'3','Unknown','Northwest',194);
Insert into STUDENT123.DAILY_WEATHER (DATE_TIME,CITY_ID,TIME,TEMPERATURE,STATUS_ID,WIND_LEVEL,HUMIDITY,WIND_DIRECTION,RECORD_ID) values (to_date('10-APR-19','DD-MON-RR'),4,6,7,4,'3','Unknown','Northwest',195);
Insert into STUDENT123.DAILY_WEATHER (DATE_TIME,CITY_ID,TIME,TEMPERATURE,STATUS_ID,WIND_LEVEL,HUMIDITY,WIND_DIRECTION,RECORD_ID) values (to_date('10-APR-19','DD-MON-RR'),4,9,9,4,'3','Unknown','Northwest',196);
Insert into STUDENT123.DAILY_WEATHER (DATE_TIME,CITY_ID,TIME,TEMPERATURE,STATUS_ID,WIND_LEVEL,HUMIDITY,WIND_DIRECTION,RECORD_ID) values (to_date('10-APR-19','DD-MON-RR'),4,15,12,4,'3','Unknown','Northwest',198);
Insert into STUDENT123.DAILY_WEATHER (DATE_TIME,CITY_ID,TIME,TEMPERATURE,STATUS_ID,WIND_LEVEL,HUMIDITY,WIND_DIRECTION,RECORD_ID) values (to_date('10-APR-19','DD-MON-RR'),4,18,11,4,'3','Unknown','Northwest',199);
Insert into STUDENT123.DAILY_WEATHER (DATE_TIME,CITY_ID,TIME,TEMPERATURE,STATUS_ID,WIND_LEVEL,HUMIDITY,WIND_DIRECTION,RECORD_ID) values (to_date('10-APR-19','DD-MON-RR'),4,21,8,4,'3','Unknown','Northwest',200);
Insert into STUDENT123.DAILY_WEATHER (DATE_TIME,CITY_ID,TIME,TEMPERATURE,STATUS_ID,WIND_LEVEL,HUMIDITY,WIND_DIRECTION,RECORD_ID) values (to_date('11-APR-19','DD-MON-RR'),4,3,7,4,'3','Unknown','Northwest',202);
Insert into STUDENT123.DAILY_WEATHER (DATE_TIME,CITY_ID,TIME,TEMPERATURE,STATUS_ID,WIND_LEVEL,HUMIDITY,WIND_DIRECTION,RECORD_ID) values (to_date('11-APR-19','DD-MON-RR'),4,9,11,4,'3','Unknown','Northwest',204);
Insert into STUDENT123.DAILY_WEATHER (DATE_TIME,CITY_ID,TIME,TEMPERATURE,STATUS_ID,WIND_LEVEL,HUMIDITY,WIND_DIRECTION,RECORD_ID) values (to_date('11-APR-19','DD-MON-RR'),4,12,15,4,'3','Unknown','Northwest',205);
Insert into STUDENT123.DAILY_WEATHER (DATE_TIME,CITY_ID,TIME,TEMPERATURE,STATUS_ID,WIND_LEVEL,HUMIDITY,WIND_DIRECTION,RECORD_ID) values (to_date('11-APR-19','DD-MON-RR'),4,15,11,4,'3','Unknown','Northwest',206);
Insert into STUDENT123.DAILY_WEATHER (DATE_TIME,CITY_ID,TIME,TEMPERATURE,STATUS_ID,WIND_LEVEL,HUMIDITY,WIND_DIRECTION,RECORD_ID) values (to_date('11-APR-19','DD-MON-RR'),4,18,7,4,'3','Unknown','Northwest',207);
Insert into STUDENT123.DAILY_WEATHER (DATE_TIME,CITY_ID,TIME,TEMPERATURE,STATUS_ID,WIND_LEVEL,HUMIDITY,WIND_DIRECTION,RECORD_ID) values (to_date('12-APR-19','DD-MON-RR'),4,3,8,4,'3','Unknown','Southeast',210);
Insert into STUDENT123.DAILY_WEATHER (DATE_TIME,CITY_ID,TIME,TEMPERATURE,STATUS_ID,WIND_LEVEL,HUMIDITY,WIND_DIRECTION,RECORD_ID) values (to_date('12-APR-19','DD-MON-RR'),4,6,10,4,'3','Unknown','Southeast',211);
Insert into STUDENT123.DAILY_WEATHER (DATE_TIME,CITY_ID,TIME,TEMPERATURE,STATUS_ID,WIND_LEVEL,HUMIDITY,WIND_DIRECTION,RECORD_ID) values (to_date('12-APR-19','DD-MON-RR'),4,9,12,4,'3','Unknown','Southeast',212);
Insert into STUDENT123.DAILY_WEATHER (DATE_TIME,CITY_ID,TIME,TEMPERATURE,STATUS_ID,WIND_LEVEL,HUMIDITY,WIND_DIRECTION,RECORD_ID) values (to_date('12-APR-19','DD-MON-RR'),4,12,12,4,'3','Unknown','Southeast',213);
Insert into STUDENT123.DAILY_WEATHER (DATE_TIME,CITY_ID,TIME,TEMPERATURE,STATUS_ID,WIND_LEVEL,HUMIDITY,WIND_DIRECTION,RECORD_ID) values (to_date('12-APR-19','DD-MON-RR'),4,15,9,4,'3','Unknown','Southeast',214);
Insert into STUDENT123.DAILY_WEATHER (DATE_TIME,CITY_ID,TIME,TEMPERATURE,STATUS_ID,WIND_LEVEL,HUMIDITY,WIND_DIRECTION,RECORD_ID) values (to_date('13-APR-19','DD-MON-RR'),4,0,8,6,'4','Unknown','Southwest',217);
Insert into STUDENT123.DAILY_WEATHER (DATE_TIME,CITY_ID,TIME,TEMPERATURE,STATUS_ID,WIND_LEVEL,HUMIDITY,WIND_DIRECTION,RECORD_ID) values (to_date('13-APR-19','DD-MON-RR'),4,3,8,6,'4','Unknown','Southwest',218);
Insert into STUDENT123.DAILY_WEATHER (DATE_TIME,CITY_ID,TIME,TEMPERATURE,STATUS_ID,WIND_LEVEL,HUMIDITY,WIND_DIRECTION,RECORD_ID) values (to_date('13-APR-19','DD-MON-RR'),4,6,9,6,'4','Unknown','Southwest',219);
Insert into STUDENT123.DAILY_WEATHER (DATE_TIME,CITY_ID,TIME,TEMPERATURE,STATUS_ID,WIND_LEVEL,HUMIDITY,WIND_DIRECTION,RECORD_ID) values (to_date('13-APR-19','DD-MON-RR'),4,9,12,6,'4','Unknown','Southwest',220);
Insert into STUDENT123.DAILY_WEATHER (DATE_TIME,CITY_ID,TIME,TEMPERATURE,STATUS_ID,WIND_LEVEL,HUMIDITY,WIND_DIRECTION,RECORD_ID) values (to_date('13-APR-19','DD-MON-RR'),4,15,15,6,'4','Unknown','Southwest',222);
Insert into STUDENT123.DAILY_WEATHER (DATE_TIME,CITY_ID,TIME,TEMPERATURE,STATUS_ID,WIND_LEVEL,HUMIDITY,WIND_DIRECTION,RECORD_ID) values (to_date('13-APR-19','DD-MON-RR'),4,18,13,6,'4','Unknown','Southwest',223);
Insert into STUDENT123.DAILY_WEATHER (DATE_TIME,CITY_ID,TIME,TEMPERATURE,STATUS_ID,WIND_LEVEL,HUMIDITY,WIND_DIRECTION,RECORD_ID) values (to_date('07-APR-19','DD-MON-RR'),5,3,8,1,'1~2','Unknown','south',226);
Insert into STUDENT123.DAILY_WEATHER (DATE_TIME,CITY_ID,TIME,TEMPERATURE,STATUS_ID,WIND_LEVEL,HUMIDITY,WIND_DIRECTION,RECORD_ID) values (to_date('07-APR-19','DD-MON-RR'),5,12,16,4,'1~2','Unknown','south',229);
Insert into STUDENT123.DAILY_WEATHER (DATE_TIME,CITY_ID,TIME,TEMPERATURE,STATUS_ID,WIND_LEVEL,HUMIDITY,WIND_DIRECTION,RECORD_ID) values (to_date('07-APR-19','DD-MON-RR'),5,21,14,4,'1~2','Unknown','south',232);
Insert into STUDENT123.DAILY_WEATHER (DATE_TIME,CITY_ID,TIME,TEMPERATURE,STATUS_ID,WIND_LEVEL,HUMIDITY,WIND_DIRECTION,RECORD_ID) values (to_date('08-APR-19','DD-MON-RR'),5,0,8,4,'1~2','Unknown','south',233);
Insert into STUDENT123.DAILY_WEATHER (DATE_TIME,CITY_ID,TIME,TEMPERATURE,STATUS_ID,WIND_LEVEL,HUMIDITY,WIND_DIRECTION,RECORD_ID) values (to_date('08-APR-19','DD-MON-RR'),5,3,8,4,'1~2','Unknown','south',234);
Insert into STUDENT123.DAILY_WEATHER (DATE_TIME,CITY_ID,TIME,TEMPERATURE,STATUS_ID,WIND_LEVEL,HUMIDITY,WIND_DIRECTION,RECORD_ID) values (to_date('08-APR-19','DD-MON-RR'),5,6,7,4,'1~2','Unknown','south',235);
Insert into STUDENT123.DAILY_WEATHER (DATE_TIME,CITY_ID,TIME,TEMPERATURE,STATUS_ID,WIND_LEVEL,HUMIDITY,WIND_DIRECTION,RECORD_ID) values (to_date('08-APR-19','DD-MON-RR'),5,12,17,4,'3~4','Unknown','south',237);
Insert into STUDENT123.DAILY_WEATHER (DATE_TIME,CITY_ID,TIME,TEMPERATURE,STATUS_ID,WIND_LEVEL,HUMIDITY,WIND_DIRECTION,RECORD_ID) values (to_date('08-APR-19','DD-MON-RR'),5,15,17,4,'3~4','Unknown','south',238);
Insert into STUDENT123.DAILY_WEATHER (DATE_TIME,CITY_ID,TIME,TEMPERATURE,STATUS_ID,WIND_LEVEL,HUMIDITY,WIND_DIRECTION,RECORD_ID) values (to_date('08-APR-19','DD-MON-RR'),5,18,14,4,'3~4','Unknown','south',239);
Insert into STUDENT123.DAILY_WEATHER (DATE_TIME,CITY_ID,TIME,TEMPERATURE,STATUS_ID,WIND_LEVEL,HUMIDITY,WIND_DIRECTION,RECORD_ID) values (to_date('08-APR-19','DD-MON-RR'),5,21,13,2,'3~4','Unknown','south',240);
Insert into STUDENT123.DAILY_WEATHER (DATE_TIME,CITY_ID,TIME,TEMPERATURE,STATUS_ID,WIND_LEVEL,HUMIDITY,WIND_DIRECTION,RECORD_ID) values (to_date('09-APR-19','DD-MON-RR'),5,3,5,2,'3~4','Unknown','south',242);
Insert into STUDENT123.DAILY_WEATHER (DATE_TIME,CITY_ID,TIME,TEMPERATURE,STATUS_ID,WIND_LEVEL,HUMIDITY,WIND_DIRECTION,RECORD_ID) values (to_date('09-APR-19','DD-MON-RR'),5,6,5,2,'3~4','Unknown','north',243);
Insert into STUDENT123.DAILY_WEATHER (DATE_TIME,CITY_ID,TIME,TEMPERATURE,STATUS_ID,WIND_LEVEL,HUMIDITY,WIND_DIRECTION,RECORD_ID) values (to_date('09-APR-19','DD-MON-RR'),5,9,6,4,'3~4','Unknown','north',244);
Insert into STUDENT123.DAILY_WEATHER (DATE_TIME,CITY_ID,TIME,TEMPERATURE,STATUS_ID,WIND_LEVEL,HUMIDITY,WIND_DIRECTION,RECORD_ID) values (to_date('09-APR-19','DD-MON-RR'),5,12,8,4,'3~4','Unknown','north',245);
Insert into STUDENT123.DAILY_WEATHER (DATE_TIME,CITY_ID,TIME,TEMPERATURE,STATUS_ID,WIND_LEVEL,HUMIDITY,WIND_DIRECTION,RECORD_ID) values (to_date('09-APR-19','DD-MON-RR'),5,18,8,4,'3~4','Unknown','north',247);
Insert into STUDENT123.DAILY_WEATHER (DATE_TIME,CITY_ID,TIME,TEMPERATURE,STATUS_ID,WIND_LEVEL,HUMIDITY,WIND_DIRECTION,RECORD_ID) values (to_date('09-APR-19','DD-MON-RR'),5,21,7,4,'3~4','Unknown','north',248);
Insert into STUDENT123.DAILY_WEATHER (DATE_TIME,CITY_ID,TIME,TEMPERATURE,STATUS_ID,WIND_LEVEL,HUMIDITY,WIND_DIRECTION,RECORD_ID) values (to_date('10-APR-19','DD-MON-RR'),5,0,5,4,'3~4','Unknown','north',249);
Insert into STUDENT123.DAILY_WEATHER (DATE_TIME,CITY_ID,TIME,TEMPERATURE,STATUS_ID,WIND_LEVEL,HUMIDITY,WIND_DIRECTION,RECORD_ID) values (to_date('10-APR-19','DD-MON-RR'),5,3,3,4,'3~4','Unknown','north',250);
Insert into STUDENT123.DAILY_WEATHER (DATE_TIME,CITY_ID,TIME,TEMPERATURE,STATUS_ID,WIND_LEVEL,HUMIDITY,WIND_DIRECTION,RECORD_ID) values (to_date('10-APR-19','DD-MON-RR'),5,9,5,4,'3~4','Unknown','north',252);
Insert into STUDENT123.DAILY_WEATHER (DATE_TIME,CITY_ID,TIME,TEMPERATURE,STATUS_ID,WIND_LEVEL,HUMIDITY,WIND_DIRECTION,RECORD_ID) values (to_date('10-APR-19','DD-MON-RR'),5,12,14,4,'3~4','Unknown','north',253);
Insert into STUDENT123.DAILY_WEATHER (DATE_TIME,CITY_ID,TIME,TEMPERATURE,STATUS_ID,WIND_LEVEL,HUMIDITY,WIND_DIRECTION,RECORD_ID) values (to_date('10-APR-19','DD-MON-RR'),5,15,13,4,'3~4','Unknown','north',254);
Insert into STUDENT123.DAILY_WEATHER (DATE_TIME,CITY_ID,TIME,TEMPERATURE,STATUS_ID,WIND_LEVEL,HUMIDITY,WIND_DIRECTION,RECORD_ID) values (to_date('10-APR-19','DD-MON-RR'),5,18,12,4,'3~4','Unknown','north',255);
Insert into STUDENT123.DAILY_WEATHER (DATE_TIME,CITY_ID,TIME,TEMPERATURE,STATUS_ID,WIND_LEVEL,HUMIDITY,WIND_DIRECTION,RECORD_ID) values (to_date('10-APR-19','DD-MON-RR'),5,21,7,4,'3~4','Unknown','north',256);
Insert into STUDENT123.DAILY_WEATHER (DATE_TIME,CITY_ID,TIME,TEMPERATURE,STATUS_ID,WIND_LEVEL,HUMIDITY,WIND_DIRECTION,RECORD_ID) values (to_date('11-APR-19','DD-MON-RR'),5,3,6,4,'1~2','Unknown','south',258);
Insert into STUDENT123.DAILY_WEATHER (DATE_TIME,CITY_ID,TIME,TEMPERATURE,STATUS_ID,WIND_LEVEL,HUMIDITY,WIND_DIRECTION,RECORD_ID) values (to_date('11-APR-19','DD-MON-RR'),5,6,6,4,'1~2','Unknown','south',259);
Insert into STUDENT123.DAILY_WEATHER (DATE_TIME,CITY_ID,TIME,TEMPERATURE,STATUS_ID,WIND_LEVEL,HUMIDITY,WIND_DIRECTION,RECORD_ID) values (to_date('11-APR-19','DD-MON-RR'),5,9,8,4,'1~2','Unknown','south',260);
Insert into STUDENT123.DAILY_WEATHER (DATE_TIME,CITY_ID,TIME,TEMPERATURE,STATUS_ID,WIND_LEVEL,HUMIDITY,WIND_DIRECTION,RECORD_ID) values (to_date('11-APR-19','DD-MON-RR'),5,12,18,4,'1~2','Unknown','south',261);
Insert into STUDENT123.DAILY_WEATHER (DATE_TIME,CITY_ID,TIME,TEMPERATURE,STATUS_ID,WIND_LEVEL,HUMIDITY,WIND_DIRECTION,RECORD_ID) values (to_date('11-APR-19','DD-MON-RR'),5,21,11,4,'1~2','Unknown','south',264);
Insert into STUDENT123.DAILY_WEATHER (DATE_TIME,CITY_ID,TIME,TEMPERATURE,STATUS_ID,WIND_LEVEL,HUMIDITY,WIND_DIRECTION,RECORD_ID) values (to_date('12-APR-19','DD-MON-RR'),5,0,7,4,'3','Unknown','SouthWest',265);
Insert into STUDENT123.DAILY_WEATHER (DATE_TIME,CITY_ID,TIME,TEMPERATURE,STATUS_ID,WIND_LEVEL,HUMIDITY,WIND_DIRECTION,RECORD_ID) values (to_date('12-APR-19','DD-MON-RR'),5,6,5,4,'3','Unknown','SouthWest',267);
Insert into STUDENT123.DAILY_WEATHER (DATE_TIME,CITY_ID,TIME,TEMPERATURE,STATUS_ID,WIND_LEVEL,HUMIDITY,WIND_DIRECTION,RECORD_ID) values (to_date('12-APR-19','DD-MON-RR'),5,12,16,4,'3','Unknown','SouthWest',269);
Insert into STUDENT123.DAILY_WEATHER (DATE_TIME,CITY_ID,TIME,TEMPERATURE,STATUS_ID,WIND_LEVEL,HUMIDITY,WIND_DIRECTION,RECORD_ID) values (to_date('13-APR-19','DD-MON-RR'),5,0,11,4,'3','Unknown','south',273);
Insert into STUDENT123.DAILY_WEATHER (DATE_TIME,CITY_ID,TIME,TEMPERATURE,STATUS_ID,WIND_LEVEL,HUMIDITY,WIND_DIRECTION,RECORD_ID) values (to_date('13-APR-19','DD-MON-RR'),5,3,9,4,'3','Unknown','south',274);
Insert into STUDENT123.DAILY_WEATHER (DATE_TIME,CITY_ID,TIME,TEMPERATURE,STATUS_ID,WIND_LEVEL,HUMIDITY,WIND_DIRECTION,RECORD_ID) values (to_date('13-APR-19','DD-MON-RR'),5,9,14,4,'3','Unknown','south',276);
Insert into STUDENT123.DAILY_WEATHER (DATE_TIME,CITY_ID,TIME,TEMPERATURE,STATUS_ID,WIND_LEVEL,HUMIDITY,WIND_DIRECTION,RECORD_ID) values (to_date('13-APR-19','DD-MON-RR'),5,12,18,4,'3','Unknown','north',277);
Insert into STUDENT123.DAILY_WEATHER (DATE_TIME,CITY_ID,TIME,TEMPERATURE,STATUS_ID,WIND_LEVEL,HUMIDITY,WIND_DIRECTION,RECORD_ID) values (to_date('13-APR-19','DD-MON-RR'),5,21,14,4,'4','Unknown','north',280);
Insert into STUDENT123.DAILY_WEATHER (DATE_TIME,CITY_ID,TIME,TEMPERATURE,STATUS_ID,WIND_LEVEL,HUMIDITY,WIND_DIRECTION,RECORD_ID) values (to_date('09-APR-19','DD-MON-RR'),3,6,8,2,'3','Unknown',null,131);
Insert into STUDENT123.DAILY_WEATHER (DATE_TIME,CITY_ID,TIME,TEMPERATURE,STATUS_ID,WIND_LEVEL,HUMIDITY,WIND_DIRECTION,RECORD_ID) values (to_date('09-APR-19','DD-MON-RR'),3,15,11,2,'4','Unknown',null,134);
Insert into STUDENT123.DAILY_WEATHER (DATE_TIME,CITY_ID,TIME,TEMPERATURE,STATUS_ID,WIND_LEVEL,HUMIDITY,WIND_DIRECTION,RECORD_ID) values (to_date('09-APR-19','DD-MON-RR'),3,21,6,2,'4','Unknown',null,136);
Insert into STUDENT123.DAILY_WEATHER (DATE_TIME,CITY_ID,TIME,TEMPERATURE,STATUS_ID,WIND_LEVEL,HUMIDITY,WIND_DIRECTION,RECORD_ID) values (to_date('10-APR-19','DD-MON-RR'),3,12,12,4,'4','Unknown',null,141);
Insert into STUDENT123.DAILY_WEATHER (DATE_TIME,CITY_ID,TIME,TEMPERATURE,STATUS_ID,WIND_LEVEL,HUMIDITY,WIND_DIRECTION,RECORD_ID) values (to_date('10-APR-19','DD-MON-RR'),3,18,13,2,'3','Unknown',null,143);
Insert into STUDENT123.DAILY_WEATHER (DATE_TIME,CITY_ID,TIME,TEMPERATURE,STATUS_ID,WIND_LEVEL,HUMIDITY,WIND_DIRECTION,RECORD_ID) values (to_date('11-APR-19','DD-MON-RR'),3,3,6,6,'3','Unknown',null,146);
Insert into STUDENT123.DAILY_WEATHER (DATE_TIME,CITY_ID,TIME,TEMPERATURE,STATUS_ID,WIND_LEVEL,HUMIDITY,WIND_DIRECTION,RECORD_ID) values (to_date('11-APR-19','DD-MON-RR'),3,9,10,6,'3','Unknown',null,148);
Insert into STUDENT123.DAILY_WEATHER (DATE_TIME,CITY_ID,TIME,TEMPERATURE,STATUS_ID,WIND_LEVEL,HUMIDITY,WIND_DIRECTION,RECORD_ID) values (to_date('11-APR-19','DD-MON-RR'),3,15,15,6,'4','Unknown',null,150);
Insert into STUDENT123.DAILY_WEATHER (DATE_TIME,CITY_ID,TIME,TEMPERATURE,STATUS_ID,WIND_LEVEL,HUMIDITY,WIND_DIRECTION,RECORD_ID) values (to_date('12-APR-19','DD-MON-RR'),3,12,12,1,'4','Unknown',null,157);
Insert into STUDENT123.DAILY_WEATHER (DATE_TIME,CITY_ID,TIME,TEMPERATURE,STATUS_ID,WIND_LEVEL,HUMIDITY,WIND_DIRECTION,RECORD_ID) values (to_date('12-APR-19','DD-MON-RR'),3,21,7,1,'3','Unknown',null,160);
Insert into STUDENT123.DAILY_WEATHER (DATE_TIME,CITY_ID,TIME,TEMPERATURE,STATUS_ID,WIND_LEVEL,HUMIDITY,WIND_DIRECTION,RECORD_ID) values (to_date('13-APR-19','DD-MON-RR'),3,3,6,4,'3','Unknown',null,162);
Insert into STUDENT123.DAILY_WEATHER (DATE_TIME,CITY_ID,TIME,TEMPERATURE,STATUS_ID,WIND_LEVEL,HUMIDITY,WIND_DIRECTION,RECORD_ID) values (to_date('13-APR-19','DD-MON-RR'),3,12,16,4,'3','Unknown',null,165);
Insert into STUDENT123.DAILY_WEATHER (DATE_TIME,CITY_ID,TIME,TEMPERATURE,STATUS_ID,WIND_LEVEL,HUMIDITY,WIND_DIRECTION,RECORD_ID) values (to_date('13-APR-19','DD-MON-RR'),3,18,11,4,'3','Unknown',null,167);
Insert into STUDENT123.DAILY_WEATHER (DATE_TIME,CITY_ID,TIME,TEMPERATURE,STATUS_ID,WIND_LEVEL,HUMIDITY,WIND_DIRECTION,RECORD_ID) values (to_date('08-APR-19','DD-MON-RR'),4,3,8,2,'3','Unknown','Southeast',178);
Insert into STUDENT123.DAILY_WEATHER (DATE_TIME,CITY_ID,TIME,TEMPERATURE,STATUS_ID,WIND_LEVEL,HUMIDITY,WIND_DIRECTION,RECORD_ID) values (to_date('09-APR-19','DD-MON-RR'),4,3,8,4,'2','Unknown','Southwest',186);
Insert into STUDENT123.DAILY_WEATHER (DATE_TIME,CITY_ID,TIME,TEMPERATURE,STATUS_ID,WIND_LEVEL,HUMIDITY,WIND_DIRECTION,RECORD_ID) values (to_date('10-APR-19','DD-MON-RR'),4,0,10,4,'3','Unknown','Northwest',193);
Insert into STUDENT123.DAILY_WEATHER (DATE_TIME,CITY_ID,TIME,TEMPERATURE,STATUS_ID,WIND_LEVEL,HUMIDITY,WIND_DIRECTION,RECORD_ID) values (to_date('11-APR-19','DD-MON-RR'),4,0,6,4,'3','Unknown','Northwest',201);
Insert into STUDENT123.DAILY_WEATHER (DATE_TIME,CITY_ID,TIME,TEMPERATURE,STATUS_ID,WIND_LEVEL,HUMIDITY,WIND_DIRECTION,RECORD_ID) values (to_date('12-APR-19','DD-MON-RR'),4,0,6,4,'3','Unknown','Southeast',209);
Insert into STUDENT123.DAILY_WEATHER (DATE_TIME,CITY_ID,TIME,TEMPERATURE,STATUS_ID,WIND_LEVEL,HUMIDITY,WIND_DIRECTION,RECORD_ID) values (to_date('12-APR-19','DD-MON-RR'),4,21,7,4,'3','Unknown','Southeast',216);
Insert into STUDENT123.DAILY_WEATHER (DATE_TIME,CITY_ID,TIME,TEMPERATURE,STATUS_ID,WIND_LEVEL,HUMIDITY,WIND_DIRECTION,RECORD_ID) values (to_date('07-APR-19','DD-MON-RR'),5,9,10,1,'1~2','Unknown','south',228);
Insert into STUDENT123.DAILY_WEATHER (DATE_TIME,CITY_ID,TIME,TEMPERATURE,STATUS_ID,WIND_LEVEL,HUMIDITY,WIND_DIRECTION,RECORD_ID) values (to_date('07-APR-19','DD-MON-RR'),5,15,18,4,'1~2','Unknown','south',230);
Insert into STUDENT123.DAILY_WEATHER (DATE_TIME,CITY_ID,TIME,TEMPERATURE,STATUS_ID,WIND_LEVEL,HUMIDITY,WIND_DIRECTION,RECORD_ID) values (to_date('07-APR-19','DD-MON-RR'),5,18,16,4,'1~2','Unknown','south',231);
Insert into STUDENT123.DAILY_WEATHER (DATE_TIME,CITY_ID,TIME,TEMPERATURE,STATUS_ID,WIND_LEVEL,HUMIDITY,WIND_DIRECTION,RECORD_ID) values (to_date('07-APR-19','DD-MON-RR'),6,3,10,1,'2','Unknown','NorthEast',282);
Insert into STUDENT123.DAILY_WEATHER (DATE_TIME,CITY_ID,TIME,TEMPERATURE,STATUS_ID,WIND_LEVEL,HUMIDITY,WIND_DIRECTION,RECORD_ID) values (to_date('07-APR-19','DD-MON-RR'),6,9,15,1,'2','Unknown','NorthEast',284);
Insert into STUDENT123.DAILY_WEATHER (DATE_TIME,CITY_ID,TIME,TEMPERATURE,STATUS_ID,WIND_LEVEL,HUMIDITY,WIND_DIRECTION,RECORD_ID) values (to_date('07-APR-19','DD-MON-RR'),6,15,19,1,'2','Unknown','NorthEast',286);
Insert into STUDENT123.DAILY_WEATHER (DATE_TIME,CITY_ID,TIME,TEMPERATURE,STATUS_ID,WIND_LEVEL,HUMIDITY,WIND_DIRECTION,RECORD_ID) values (to_date('08-APR-19','DD-MON-RR'),6,3,11,2,'3','Unknown','NorthEast',290);
Insert into STUDENT123.DAILY_WEATHER (DATE_TIME,CITY_ID,TIME,TEMPERATURE,STATUS_ID,WIND_LEVEL,HUMIDITY,WIND_DIRECTION,RECORD_ID) values (to_date('08-APR-19','DD-MON-RR'),6,9,12,2,'3','Unknown','NorthEast',292);
Insert into STUDENT123.DAILY_WEATHER (DATE_TIME,CITY_ID,TIME,TEMPERATURE,STATUS_ID,WIND_LEVEL,HUMIDITY,WIND_DIRECTION,RECORD_ID) values (to_date('08-APR-19','DD-MON-RR'),6,12,15,2,'3','Unknown','NorthEast',293);
Insert into STUDENT123.DAILY_WEATHER (DATE_TIME,CITY_ID,TIME,TEMPERATURE,STATUS_ID,WIND_LEVEL,HUMIDITY,WIND_DIRECTION,RECORD_ID) values (to_date('08-APR-19','DD-MON-RR'),6,18,14,2,'3','Unknown','NorthEast',295);
Insert into STUDENT123.DAILY_WEATHER (DATE_TIME,CITY_ID,TIME,TEMPERATURE,STATUS_ID,WIND_LEVEL,HUMIDITY,WIND_DIRECTION,RECORD_ID) values (to_date('09-APR-19','DD-MON-RR'),6,6,8,4,'4','Unknown','NorthWest',299);
Insert into STUDENT123.DAILY_WEATHER (DATE_TIME,CITY_ID,TIME,TEMPERATURE,STATUS_ID,WIND_LEVEL,HUMIDITY,WIND_DIRECTION,RECORD_ID) values (to_date('09-APR-19','DD-MON-RR'),6,12,15,2,'4','Unknown','NorthWest',301);
Insert into STUDENT123.DAILY_WEATHER (DATE_TIME,CITY_ID,TIME,TEMPERATURE,STATUS_ID,WIND_LEVEL,HUMIDITY,WIND_DIRECTION,RECORD_ID) values (to_date('09-APR-19','DD-MON-RR'),6,18,12,2,'4','Unknown','NorthWest',303);
Insert into STUDENT123.DAILY_WEATHER (DATE_TIME,CITY_ID,TIME,TEMPERATURE,STATUS_ID,WIND_LEVEL,HUMIDITY,WIND_DIRECTION,RECORD_ID) values (to_date('09-APR-19','DD-MON-RR'),6,21,9,2,'4','Unknown','NorthWest',304);
Insert into STUDENT123.DAILY_WEATHER (DATE_TIME,CITY_ID,TIME,TEMPERATURE,STATUS_ID,WIND_LEVEL,HUMIDITY,WIND_DIRECTION,RECORD_ID) values (to_date('10-APR-19','DD-MON-RR'),6,3,7,6,'3','Unknown','NorthEast',306);
Insert into STUDENT123.DAILY_WEATHER (DATE_TIME,CITY_ID,TIME,TEMPERATURE,STATUS_ID,WIND_LEVEL,HUMIDITY,WIND_DIRECTION,RECORD_ID) values (to_date('10-APR-19','DD-MON-RR'),6,15,8,6,'3','Unknown','NorthEast',310);
Insert into STUDENT123.DAILY_WEATHER (DATE_TIME,CITY_ID,TIME,TEMPERATURE,STATUS_ID,WIND_LEVEL,HUMIDITY,WIND_DIRECTION,RECORD_ID) values (to_date('10-APR-19','DD-MON-RR'),6,21,7,6,'3','Unknown','NorthEast',312);
Insert into STUDENT123.DAILY_WEATHER (DATE_TIME,CITY_ID,TIME,TEMPERATURE,STATUS_ID,WIND_LEVEL,HUMIDITY,WIND_DIRECTION,RECORD_ID) values (to_date('11-APR-19','DD-MON-RR'),6,3,7,1,'4','Unknown','NorthWest',314);
Insert into STUDENT123.DAILY_WEATHER (DATE_TIME,CITY_ID,TIME,TEMPERATURE,STATUS_ID,WIND_LEVEL,HUMIDITY,WIND_DIRECTION,RECORD_ID) values (to_date('11-APR-19','DD-MON-RR'),6,6,7,1,'4','Unknown','NorthWest',315);
Insert into STUDENT123.DAILY_WEATHER (DATE_TIME,CITY_ID,TIME,TEMPERATURE,STATUS_ID,WIND_LEVEL,HUMIDITY,WIND_DIRECTION,RECORD_ID) values (to_date('11-APR-19','DD-MON-RR'),6,18,9,1,'4','Unknown','NorthWest',319);
Insert into STUDENT123.DAILY_WEATHER (DATE_TIME,CITY_ID,TIME,TEMPERATURE,STATUS_ID,WIND_LEVEL,HUMIDITY,WIND_DIRECTION,RECORD_ID) values (to_date('12-APR-19','DD-MON-RR'),6,0,7,4,'3','Unknown','NorthEast',321);
Insert into STUDENT123.DAILY_WEATHER (DATE_TIME,CITY_ID,TIME,TEMPERATURE,STATUS_ID,WIND_LEVEL,HUMIDITY,WIND_DIRECTION,RECORD_ID) values (to_date('12-APR-19','DD-MON-RR'),6,6,7,4,'3','Unknown','NorthEast',323);
Insert into STUDENT123.DAILY_WEATHER (DATE_TIME,CITY_ID,TIME,TEMPERATURE,STATUS_ID,WIND_LEVEL,HUMIDITY,WIND_DIRECTION,RECORD_ID) values (to_date('12-APR-19','DD-MON-RR'),6,12,12,4,'3','Unknown','NorthEast',325);
Insert into STUDENT123.DAILY_WEATHER (DATE_TIME,CITY_ID,TIME,TEMPERATURE,STATUS_ID,WIND_LEVEL,HUMIDITY,WIND_DIRECTION,RECORD_ID) values (to_date('12-APR-19','DD-MON-RR'),6,15,15,4,'3','Unknown','NorthEast',326);
Insert into STUDENT123.DAILY_WEATHER (DATE_TIME,CITY_ID,TIME,TEMPERATURE,STATUS_ID,WIND_LEVEL,HUMIDITY,WIND_DIRECTION,RECORD_ID) values (to_date('13-APR-19','DD-MON-RR'),6,3,7,2,'3','Unknown','North',330);
Insert into STUDENT123.DAILY_WEATHER (DATE_TIME,CITY_ID,TIME,TEMPERATURE,STATUS_ID,WIND_LEVEL,HUMIDITY,WIND_DIRECTION,RECORD_ID) values (to_date('13-APR-19','DD-MON-RR'),6,6,8,2,'3','Unknown','North',331);
Insert into STUDENT123.DAILY_WEATHER (DATE_TIME,CITY_ID,TIME,TEMPERATURE,STATUS_ID,WIND_LEVEL,HUMIDITY,WIND_DIRECTION,RECORD_ID) values (to_date('13-APR-19','DD-MON-RR'),6,12,14,1,'3','Unknown','NorthEast',333);
Insert into STUDENT123.DAILY_WEATHER (DATE_TIME,CITY_ID,TIME,TEMPERATURE,STATUS_ID,WIND_LEVEL,HUMIDITY,WIND_DIRECTION,RECORD_ID) values (to_date('13-APR-19','DD-MON-RR'),6,18,13,4,'3','Unknown','SouthEast',335);
Insert into STUDENT123.DAILY_WEATHER (DATE_TIME,CITY_ID,TIME,TEMPERATURE,STATUS_ID,WIND_LEVEL,HUMIDITY,WIND_DIRECTION,RECORD_ID) values (to_date('07-APR-19','DD-MON-RR'),7,3,10,4,'3','Unknown',null,338);
Insert into STUDENT123.DAILY_WEATHER (DATE_TIME,CITY_ID,TIME,TEMPERATURE,STATUS_ID,WIND_LEVEL,HUMIDITY,WIND_DIRECTION,RECORD_ID) values (to_date('07-APR-19','DD-MON-RR'),7,6,8,4,'4','Unknown',null,339);
Insert into STUDENT123.DAILY_WEATHER (DATE_TIME,CITY_ID,TIME,TEMPERATURE,STATUS_ID,WIND_LEVEL,HUMIDITY,WIND_DIRECTION,RECORD_ID) values (to_date('07-APR-19','DD-MON-RR'),7,9,9,4,'4','Unknown',null,340);
Insert into STUDENT123.DAILY_WEATHER (DATE_TIME,CITY_ID,TIME,TEMPERATURE,STATUS_ID,WIND_LEVEL,HUMIDITY,WIND_DIRECTION,RECORD_ID) values (to_date('07-APR-19','DD-MON-RR'),7,15,18,4,'2','Unknown',null,342);
Insert into STUDENT123.DAILY_WEATHER (DATE_TIME,CITY_ID,TIME,TEMPERATURE,STATUS_ID,WIND_LEVEL,HUMIDITY,WIND_DIRECTION,RECORD_ID) values (to_date('07-APR-19','DD-MON-RR'),7,18,16,4,'2','Unknown',null,343);
Insert into STUDENT123.DAILY_WEATHER (DATE_TIME,CITY_ID,TIME,TEMPERATURE,STATUS_ID,WIND_LEVEL,HUMIDITY,WIND_DIRECTION,RECORD_ID) values (to_date('07-APR-19','DD-MON-RR'),7,21,12,4,'2','Unknown',null,344);
Insert into STUDENT123.DAILY_WEATHER (DATE_TIME,CITY_ID,TIME,TEMPERATURE,STATUS_ID,WIND_LEVEL,HUMIDITY,WIND_DIRECTION,RECORD_ID) values (to_date('08-APR-19','DD-MON-RR'),7,3,10,1,'2','Unknown',null,346);
Insert into STUDENT123.DAILY_WEATHER (DATE_TIME,CITY_ID,TIME,TEMPERATURE,STATUS_ID,WIND_LEVEL,HUMIDITY,WIND_DIRECTION,RECORD_ID) values (to_date('08-APR-19','DD-MON-RR'),7,6,8,1,'2','Unknown',null,347);
Insert into STUDENT123.DAILY_WEATHER (DATE_TIME,CITY_ID,TIME,TEMPERATURE,STATUS_ID,WIND_LEVEL,HUMIDITY,WIND_DIRECTION,RECORD_ID) values (to_date('08-APR-19','DD-MON-RR'),7,15,18,1,'3','Unknown',null,350);
Insert into STUDENT123.DAILY_WEATHER (DATE_TIME,CITY_ID,TIME,TEMPERATURE,STATUS_ID,WIND_LEVEL,HUMIDITY,WIND_DIRECTION,RECORD_ID) values (to_date('08-APR-19','DD-MON-RR'),7,21,11,2,'3','Unknown',null,352);
Insert into STUDENT123.DAILY_WEATHER (DATE_TIME,CITY_ID,TIME,TEMPERATURE,STATUS_ID,WIND_LEVEL,HUMIDITY,WIND_DIRECTION,RECORD_ID) values (to_date('09-APR-19','DD-MON-RR'),7,0,10,2,'3','Unknown',null,353);
Insert into STUDENT123.DAILY_WEATHER (DATE_TIME,CITY_ID,TIME,TEMPERATURE,STATUS_ID,WIND_LEVEL,HUMIDITY,WIND_DIRECTION,RECORD_ID) values (to_date('09-APR-19','DD-MON-RR'),7,3,8,2,'3','Unknown',null,354);
Insert into STUDENT123.DAILY_WEATHER (DATE_TIME,CITY_ID,TIME,TEMPERATURE,STATUS_ID,WIND_LEVEL,HUMIDITY,WIND_DIRECTION,RECORD_ID) values (to_date('09-APR-19','DD-MON-RR'),7,9,12,2,'3','Unknown',null,356);
Insert into STUDENT123.DAILY_WEATHER (DATE_TIME,CITY_ID,TIME,TEMPERATURE,STATUS_ID,WIND_LEVEL,HUMIDITY,WIND_DIRECTION,RECORD_ID) values (to_date('09-APR-19','DD-MON-RR'),7,18,8,2,'4','Unknown',null,359);
Insert into STUDENT123.DAILY_WEATHER (DATE_TIME,CITY_ID,TIME,TEMPERATURE,STATUS_ID,WIND_LEVEL,HUMIDITY,WIND_DIRECTION,RECORD_ID) values (to_date('09-APR-19','DD-MON-RR'),7,21,6,2,'4','Unknown',null,360);
Insert into STUDENT123.DAILY_WEATHER (DATE_TIME,CITY_ID,TIME,TEMPERATURE,STATUS_ID,WIND_LEVEL,HUMIDITY,WIND_DIRECTION,RECORD_ID) values (to_date('10-APR-19','DD-MON-RR'),7,3,5,4,'4','Unknown',null,362);
Insert into STUDENT123.DAILY_WEATHER (DATE_TIME,CITY_ID,TIME,TEMPERATURE,STATUS_ID,WIND_LEVEL,HUMIDITY,WIND_DIRECTION,RECORD_ID) values (to_date('10-APR-19','DD-MON-RR'),7,6,4,4,'4','Unknown',null,363);
Insert into STUDENT123.DAILY_WEATHER (DATE_TIME,CITY_ID,TIME,TEMPERATURE,STATUS_ID,WIND_LEVEL,HUMIDITY,WIND_DIRECTION,RECORD_ID) values (to_date('10-APR-19','DD-MON-RR'),7,9,7,4,'4','Unknown',null,364);
Insert into STUDENT123.DAILY_WEATHER (DATE_TIME,CITY_ID,TIME,TEMPERATURE,STATUS_ID,WIND_LEVEL,HUMIDITY,WIND_DIRECTION,RECORD_ID) values (to_date('10-APR-19','DD-MON-RR'),7,18,13,2,'3','Unknown',null,367);
Insert into STUDENT123.DAILY_WEATHER (DATE_TIME,CITY_ID,TIME,TEMPERATURE,STATUS_ID,WIND_LEVEL,HUMIDITY,WIND_DIRECTION,RECORD_ID) values (to_date('11-APR-19','DD-MON-RR'),7,0,6,2,'3','Unknown',null,369);
Insert into STUDENT123.DAILY_WEATHER (DATE_TIME,CITY_ID,TIME,TEMPERATURE,STATUS_ID,WIND_LEVEL,HUMIDITY,WIND_DIRECTION,RECORD_ID) values (to_date('11-APR-19','DD-MON-RR'),7,3,6,6,'3','Unknown',null,370);
Insert into STUDENT123.DAILY_WEATHER (DATE_TIME,CITY_ID,TIME,TEMPERATURE,STATUS_ID,WIND_LEVEL,HUMIDITY,WIND_DIRECTION,RECORD_ID) values (to_date('11-APR-19','DD-MON-RR'),7,6,5,6,'3','Unknown',null,371);
Insert into STUDENT123.DAILY_WEATHER (DATE_TIME,CITY_ID,TIME,TEMPERATURE,STATUS_ID,WIND_LEVEL,HUMIDITY,WIND_DIRECTION,RECORD_ID) values (to_date('11-APR-19','DD-MON-RR'),7,15,15,6,'4','Unknown',null,374);
Insert into STUDENT123.DAILY_WEATHER (DATE_TIME,CITY_ID,TIME,TEMPERATURE,STATUS_ID,WIND_LEVEL,HUMIDITY,WIND_DIRECTION,RECORD_ID) values (to_date('11-APR-19','DD-MON-RR'),7,18,13,6,'4','Unknown',null,375);
Insert into STUDENT123.DAILY_WEATHER (DATE_TIME,CITY_ID,TIME,TEMPERATURE,STATUS_ID,WIND_LEVEL,HUMIDITY,WIND_DIRECTION,RECORD_ID) values (to_date('11-APR-19','DD-MON-RR'),7,21,10,6,'4','Unknown',null,376);
Insert into STUDENT123.DAILY_WEATHER (DATE_TIME,CITY_ID,TIME,TEMPERATURE,STATUS_ID,WIND_LEVEL,HUMIDITY,WIND_DIRECTION,RECORD_ID) values (to_date('12-APR-19','DD-MON-RR'),7,6,5,1,'4','Unknown',null,379);
Insert into STUDENT123.DAILY_WEATHER (DATE_TIME,CITY_ID,TIME,TEMPERATURE,STATUS_ID,WIND_LEVEL,HUMIDITY,WIND_DIRECTION,RECORD_ID) values (to_date('12-APR-19','DD-MON-RR'),7,9,11,1,'4','Unknown',null,380);
Insert into STUDENT123.DAILY_WEATHER (DATE_TIME,CITY_ID,TIME,TEMPERATURE,STATUS_ID,WIND_LEVEL,HUMIDITY,WIND_DIRECTION,RECORD_ID) values (to_date('12-APR-19','DD-MON-RR'),7,12,12,1,'4','Unknown',null,381);
Insert into STUDENT123.DAILY_WEATHER (DATE_TIME,CITY_ID,TIME,TEMPERATURE,STATUS_ID,WIND_LEVEL,HUMIDITY,WIND_DIRECTION,RECORD_ID) values (to_date('12-APR-19','DD-MON-RR'),7,21,7,1,'3','Unknown',null,384);
Insert into STUDENT123.DAILY_WEATHER (DATE_TIME,CITY_ID,TIME,TEMPERATURE,STATUS_ID,WIND_LEVEL,HUMIDITY,WIND_DIRECTION,RECORD_ID) values (to_date('13-APR-19','DD-MON-RR'),7,0,7,1,'3','Unknown',null,385);
Insert into STUDENT123.DAILY_WEATHER (DATE_TIME,CITY_ID,TIME,TEMPERATURE,STATUS_ID,WIND_LEVEL,HUMIDITY,WIND_DIRECTION,RECORD_ID) values (to_date('13-APR-19','DD-MON-RR'),7,6,8,4,'3','Unknown',null,387);
Insert into STUDENT123.DAILY_WEATHER (DATE_TIME,CITY_ID,TIME,TEMPERATURE,STATUS_ID,WIND_LEVEL,HUMIDITY,WIND_DIRECTION,RECORD_ID) values (to_date('13-APR-19','DD-MON-RR'),7,12,16,4,'3','Unknown',null,389);
Insert into STUDENT123.DAILY_WEATHER (DATE_TIME,CITY_ID,TIME,TEMPERATURE,STATUS_ID,WIND_LEVEL,HUMIDITY,WIND_DIRECTION,RECORD_ID) values (to_date('13-APR-19','DD-MON-RR'),7,18,11,4,'3','Unknown',null,391);
Insert into STUDENT123.DAILY_WEATHER (DATE_TIME,CITY_ID,TIME,TEMPERATURE,STATUS_ID,WIND_LEVEL,HUMIDITY,WIND_DIRECTION,RECORD_ID) values (to_date('13-APR-19','DD-MON-RR'),8,21,9,null,null,'Unknown',null,392);
Insert into STUDENT123.DAILY_WEATHER (DATE_TIME,CITY_ID,TIME,TEMPERATURE,STATUS_ID,WIND_LEVEL,HUMIDITY,WIND_DIRECTION,RECORD_ID) values (to_date('07-APR-19','DD-MON-RR'),8,9,14,2,'2','Unknown','Northwest',396);
Insert into STUDENT123.DAILY_WEATHER (DATE_TIME,CITY_ID,TIME,TEMPERATURE,STATUS_ID,WIND_LEVEL,HUMIDITY,WIND_DIRECTION,RECORD_ID) values (to_date('07-APR-19','DD-MON-RR'),8,15,17,2,'2','Unknown','Northwest',398);
Insert into STUDENT123.DAILY_WEATHER (DATE_TIME,CITY_ID,TIME,TEMPERATURE,STATUS_ID,WIND_LEVEL,HUMIDITY,WIND_DIRECTION,RECORD_ID) values (to_date('07-APR-19','DD-MON-RR'),8,18,11,2,'2','Unknown','Northwest',399);
Insert into STUDENT123.DAILY_WEATHER (DATE_TIME,CITY_ID,TIME,TEMPERATURE,STATUS_ID,WIND_LEVEL,HUMIDITY,WIND_DIRECTION,RECORD_ID) values (to_date('08-APR-19','DD-MON-RR'),8,0,6,2,'3','Unknown','Southeast',401);
Insert into STUDENT123.DAILY_WEATHER (DATE_TIME,CITY_ID,TIME,TEMPERATURE,STATUS_ID,WIND_LEVEL,HUMIDITY,WIND_DIRECTION,RECORD_ID) values (to_date('08-APR-19','DD-MON-RR'),8,6,11,2,'3','Unknown','Southeast',403);
Insert into STUDENT123.DAILY_WEATHER (DATE_TIME,CITY_ID,TIME,TEMPERATURE,STATUS_ID,WIND_LEVEL,HUMIDITY,WIND_DIRECTION,RECORD_ID) values (to_date('08-APR-19','DD-MON-RR'),8,18,13,2,'3','Unknown','Southeast',407);
Insert into STUDENT123.DAILY_WEATHER (DATE_TIME,CITY_ID,TIME,TEMPERATURE,STATUS_ID,WIND_LEVEL,HUMIDITY,WIND_DIRECTION,RECORD_ID) values (to_date('09-APR-19','DD-MON-RR'),8,0,9,4,'2','Unknown','Southwest',409);
Insert into STUDENT123.DAILY_WEATHER (DATE_TIME,CITY_ID,TIME,TEMPERATURE,STATUS_ID,WIND_LEVEL,HUMIDITY,WIND_DIRECTION,RECORD_ID) values (to_date('09-APR-19','DD-MON-RR'),8,3,8,4,'2','Unknown','Southwest',410);
Insert into STUDENT123.DAILY_WEATHER (DATE_TIME,CITY_ID,TIME,TEMPERATURE,STATUS_ID,WIND_LEVEL,HUMIDITY,WIND_DIRECTION,RECORD_ID) values (to_date('09-APR-19','DD-MON-RR'),8,9,17,4,'2','Unknown','Southwest',412);
Insert into STUDENT123.DAILY_WEATHER (DATE_TIME,CITY_ID,TIME,TEMPERATURE,STATUS_ID,WIND_LEVEL,HUMIDITY,WIND_DIRECTION,RECORD_ID) values (to_date('09-APR-19','DD-MON-RR'),8,21,13,4,'2','Unknown','Southwest',416);
Insert into STUDENT123.DAILY_WEATHER (DATE_TIME,CITY_ID,TIME,TEMPERATURE,STATUS_ID,WIND_LEVEL,HUMIDITY,WIND_DIRECTION,RECORD_ID) values (to_date('10-APR-19','DD-MON-RR'),8,3,8,4,'3','Unknown','Northwest',418);
Insert into STUDENT123.DAILY_WEATHER (DATE_TIME,CITY_ID,TIME,TEMPERATURE,STATUS_ID,WIND_LEVEL,HUMIDITY,WIND_DIRECTION,RECORD_ID) values (to_date('10-APR-19','DD-MON-RR'),8,9,9,4,'3','Unknown','Northwest',420);
Insert into STUDENT123.DAILY_WEATHER (DATE_TIME,CITY_ID,TIME,TEMPERATURE,STATUS_ID,WIND_LEVEL,HUMIDITY,WIND_DIRECTION,RECORD_ID) values (to_date('10-APR-19','DD-MON-RR'),8,12,12,4,'3','Unknown','Northwest',421);
Insert into STUDENT123.DAILY_WEATHER (DATE_TIME,CITY_ID,TIME,TEMPERATURE,STATUS_ID,WIND_LEVEL,HUMIDITY,WIND_DIRECTION,RECORD_ID) values (to_date('11-APR-19','DD-MON-RR'),8,0,6,4,'3','Unknown','Northwest',425);
Insert into STUDENT123.DAILY_WEATHER (DATE_TIME,CITY_ID,TIME,TEMPERATURE,STATUS_ID,WIND_LEVEL,HUMIDITY,WIND_DIRECTION,RECORD_ID) values (to_date('11-APR-19','DD-MON-RR'),8,6,10,4,'3','Unknown','Northwest',427);
Insert into STUDENT123.DAILY_WEATHER (DATE_TIME,CITY_ID,TIME,TEMPERATURE,STATUS_ID,WIND_LEVEL,HUMIDITY,WIND_DIRECTION,RECORD_ID) values (to_date('11-APR-19','DD-MON-RR'),8,12,15,4,'3','Unknown','Northwest',429);
Insert into STUDENT123.DAILY_WEATHER (DATE_TIME,CITY_ID,TIME,TEMPERATURE,STATUS_ID,WIND_LEVEL,HUMIDITY,WIND_DIRECTION,RECORD_ID) values (to_date('11-APR-19','DD-MON-RR'),8,18,7,4,'3','Unknown','Northwest',431);
Insert into STUDENT123.DAILY_WEATHER (DATE_TIME,CITY_ID,TIME,TEMPERATURE,STATUS_ID,WIND_LEVEL,HUMIDITY,WIND_DIRECTION,RECORD_ID) values (to_date('11-APR-19','DD-MON-RR'),8,21,5,4,'3','Unknown','Northwest',432);
Insert into STUDENT123.DAILY_WEATHER (DATE_TIME,CITY_ID,TIME,TEMPERATURE,STATUS_ID,WIND_LEVEL,HUMIDITY,WIND_DIRECTION,RECORD_ID) values (to_date('12-APR-19','DD-MON-RR'),8,9,12,4,'3','Unknown','Southeast',436);
Insert into STUDENT123.DAILY_WEATHER (DATE_TIME,CITY_ID,TIME,TEMPERATURE,STATUS_ID,WIND_LEVEL,HUMIDITY,WIND_DIRECTION,RECORD_ID) values (to_date('12-APR-19','DD-MON-RR'),8,15,9,4,'3','Unknown','Southeast',438);
Insert into STUDENT123.DAILY_WEATHER (DATE_TIME,CITY_ID,TIME,TEMPERATURE,STATUS_ID,WIND_LEVEL,HUMIDITY,WIND_DIRECTION,RECORD_ID) values (to_date('12-APR-19','DD-MON-RR'),8,21,7,4,'3','Unknown','Southeast',440);
Insert into STUDENT123.DAILY_WEATHER (DATE_TIME,CITY_ID,TIME,TEMPERATURE,STATUS_ID,WIND_LEVEL,HUMIDITY,WIND_DIRECTION,RECORD_ID) values (to_date('13-APR-19','DD-MON-RR'),8,3,8,6,'4','Unknown','Southwest',442);
Insert into STUDENT123.DAILY_WEATHER (DATE_TIME,CITY_ID,TIME,TEMPERATURE,STATUS_ID,WIND_LEVEL,HUMIDITY,WIND_DIRECTION,RECORD_ID) values (to_date('13-APR-19','DD-MON-RR'),8,15,15,6,'4','Unknown','Southwest',446);
Insert into STUDENT123.DAILY_WEATHER (DATE_TIME,CITY_ID,TIME,TEMPERATURE,STATUS_ID,WIND_LEVEL,HUMIDITY,WIND_DIRECTION,RECORD_ID) values (to_date('13-APR-19','DD-MON-RR'),8,21,12,6,'4','Unknown','Southwest',448);
Insert into STUDENT123.DAILY_WEATHER (DATE_TIME,CITY_ID,TIME,TEMPERATURE,STATUS_ID,WIND_LEVEL,HUMIDITY,WIND_DIRECTION,RECORD_ID) values (to_date('07-APR-19','DD-MON-RR'),9,9,10,1,'1~2','Unknown','south',452);
Insert into STUDENT123.DAILY_WEATHER (DATE_TIME,CITY_ID,TIME,TEMPERATURE,STATUS_ID,WIND_LEVEL,HUMIDITY,WIND_DIRECTION,RECORD_ID) values (to_date('07-APR-19','DD-MON-RR'),9,12,16,4,'1~2','Unknown','south',453);
Insert into STUDENT123.DAILY_WEATHER (DATE_TIME,CITY_ID,TIME,TEMPERATURE,STATUS_ID,WIND_LEVEL,HUMIDITY,WIND_DIRECTION,RECORD_ID) values (to_date('07-APR-19','DD-MON-RR'),9,18,16,4,'1~2','Unknown','south',455);
Insert into STUDENT123.DAILY_WEATHER (DATE_TIME,CITY_ID,TIME,TEMPERATURE,STATUS_ID,WIND_LEVEL,HUMIDITY,WIND_DIRECTION,RECORD_ID) values (to_date('08-APR-19','DD-MON-RR'),9,0,8,4,'1~2','Unknown','south',457);
Insert into STUDENT123.DAILY_WEATHER (DATE_TIME,CITY_ID,TIME,TEMPERATURE,STATUS_ID,WIND_LEVEL,HUMIDITY,WIND_DIRECTION,RECORD_ID) values (to_date('08-APR-19','DD-MON-RR'),9,9,9,4,'3~4','Unknown','south',460);
Insert into STUDENT123.DAILY_WEATHER (DATE_TIME,CITY_ID,TIME,TEMPERATURE,STATUS_ID,WIND_LEVEL,HUMIDITY,WIND_DIRECTION,RECORD_ID) values (to_date('08-APR-19','DD-MON-RR'),9,15,17,4,'3~4','Unknown','south',462);
Insert into STUDENT123.DAILY_WEATHER (DATE_TIME,CITY_ID,TIME,TEMPERATURE,STATUS_ID,WIND_LEVEL,HUMIDITY,WIND_DIRECTION,RECORD_ID) values (to_date('08-APR-19','DD-MON-RR'),9,21,13,2,'3~4','Unknown','south',464);
Insert into STUDENT123.DAILY_WEATHER (DATE_TIME,CITY_ID,TIME,TEMPERATURE,STATUS_ID,WIND_LEVEL,HUMIDITY,WIND_DIRECTION,RECORD_ID) values (to_date('09-APR-19','DD-MON-RR'),9,0,8,2,'3~4','Unknown','south',465);
Insert into STUDENT123.DAILY_WEATHER (DATE_TIME,CITY_ID,TIME,TEMPERATURE,STATUS_ID,WIND_LEVEL,HUMIDITY,WIND_DIRECTION,RECORD_ID) values (to_date('09-APR-19','DD-MON-RR'),9,12,8,4,'3~4','Unknown','north',469);
Insert into STUDENT123.DAILY_WEATHER (DATE_TIME,CITY_ID,TIME,TEMPERATURE,STATUS_ID,WIND_LEVEL,HUMIDITY,WIND_DIRECTION,RECORD_ID) values (to_date('09-APR-19','DD-MON-RR'),9,15,9,4,'3~4','Unknown','north',470);
Insert into STUDENT123.DAILY_WEATHER (DATE_TIME,CITY_ID,TIME,TEMPERATURE,STATUS_ID,WIND_LEVEL,HUMIDITY,WIND_DIRECTION,RECORD_ID) values (to_date('09-APR-19','DD-MON-RR'),9,21,7,4,'3~4','Unknown','north',472);
Insert into STUDENT123.DAILY_WEATHER (DATE_TIME,CITY_ID,TIME,TEMPERATURE,STATUS_ID,WIND_LEVEL,HUMIDITY,WIND_DIRECTION,RECORD_ID) values (to_date('10-APR-19','DD-MON-RR'),9,3,3,4,'3~4','Unknown','north',474);
Insert into STUDENT123.DAILY_WEATHER (DATE_TIME,CITY_ID,TIME,TEMPERATURE,STATUS_ID,WIND_LEVEL,HUMIDITY,WIND_DIRECTION,RECORD_ID) values (to_date('10-APR-19','DD-MON-RR'),9,12,14,4,'3~4','Unknown','north',477);
Insert into STUDENT123.DAILY_WEATHER (DATE_TIME,CITY_ID,TIME,TEMPERATURE,STATUS_ID,WIND_LEVEL,HUMIDITY,WIND_DIRECTION,RECORD_ID) values (to_date('10-APR-19','DD-MON-RR'),9,18,12,4,'3~4','Unknown','north',479);
Insert into STUDENT123.DAILY_WEATHER (DATE_TIME,CITY_ID,TIME,TEMPERATURE,STATUS_ID,WIND_LEVEL,HUMIDITY,WIND_DIRECTION,RECORD_ID) values (to_date('11-APR-19','DD-MON-RR'),9,0,8,4,'1~2','Unknown','south',481);
Insert into STUDENT123.DAILY_WEATHER (DATE_TIME,CITY_ID,TIME,TEMPERATURE,STATUS_ID,WIND_LEVEL,HUMIDITY,WIND_DIRECTION,RECORD_ID) values (to_date('11-APR-19','DD-MON-RR'),9,3,6,4,'1~2','Unknown','south',482);
Insert into STUDENT123.DAILY_WEATHER (DATE_TIME,CITY_ID,TIME,TEMPERATURE,STATUS_ID,WIND_LEVEL,HUMIDITY,WIND_DIRECTION,RECORD_ID) values (to_date('11-APR-19','DD-MON-RR'),9,15,19,4,'1~2','Unknown','south',486);
Insert into STUDENT123.DAILY_WEATHER (DATE_TIME,CITY_ID,TIME,TEMPERATURE,STATUS_ID,WIND_LEVEL,HUMIDITY,WIND_DIRECTION,RECORD_ID) values (to_date('11-APR-19','DD-MON-RR'),9,18,15,4,'1~2','Unknown','south',487);
Insert into STUDENT123.DAILY_WEATHER (DATE_TIME,CITY_ID,TIME,TEMPERATURE,STATUS_ID,WIND_LEVEL,HUMIDITY,WIND_DIRECTION,RECORD_ID) values (to_date('12-APR-19','DD-MON-RR'),9,0,7,4,'3','Unknown','SouthWest',489);
Insert into STUDENT123.DAILY_WEATHER (DATE_TIME,CITY_ID,TIME,TEMPERATURE,STATUS_ID,WIND_LEVEL,HUMIDITY,WIND_DIRECTION,RECORD_ID) values (to_date('12-APR-19','DD-MON-RR'),9,6,5,4,'3','Unknown','SouthWest',491);
Insert into STUDENT123.DAILY_WEATHER (DATE_TIME,CITY_ID,TIME,TEMPERATURE,STATUS_ID,WIND_LEVEL,HUMIDITY,WIND_DIRECTION,RECORD_ID) values (to_date('12-APR-19','DD-MON-RR'),9,18,19,4,'4','Unknown','SouthWest',495);
Insert into STUDENT123.DAILY_WEATHER (DATE_TIME,CITY_ID,TIME,TEMPERATURE,STATUS_ID,WIND_LEVEL,HUMIDITY,WIND_DIRECTION,RECORD_ID) values (to_date('12-APR-19','DD-MON-RR'),9,21,13,4,'3','Unknown','south',496);
Insert into STUDENT123.DAILY_WEATHER (DATE_TIME,CITY_ID,TIME,TEMPERATURE,STATUS_ID,WIND_LEVEL,HUMIDITY,WIND_DIRECTION,RECORD_ID) values (to_date('13-APR-19','DD-MON-RR'),9,3,9,4,'3','Unknown','south',498);
Insert into STUDENT123.DAILY_WEATHER (DATE_TIME,CITY_ID,TIME,TEMPERATURE,STATUS_ID,WIND_LEVEL,HUMIDITY,WIND_DIRECTION,RECORD_ID) values (to_date('13-APR-19','DD-MON-RR'),9,9,14,4,'3','Unknown','south',500);
Insert into STUDENT123.DAILY_WEATHER (DATE_TIME,CITY_ID,TIME,TEMPERATURE,STATUS_ID,WIND_LEVEL,HUMIDITY,WIND_DIRECTION,RECORD_ID) values (to_date('13-APR-19','DD-MON-RR'),9,12,18,4,'3','Unknown','north',501);
Insert into STUDENT123.DAILY_WEATHER (DATE_TIME,CITY_ID,TIME,TEMPERATURE,STATUS_ID,WIND_LEVEL,HUMIDITY,WIND_DIRECTION,RECORD_ID) values (to_date('13-APR-19','DD-MON-RR'),9,21,14,4,'4','Unknown','north',504);
Insert into STUDENT123.DAILY_WEATHER (DATE_TIME,CITY_ID,TIME,TEMPERATURE,STATUS_ID,WIND_LEVEL,HUMIDITY,WIND_DIRECTION,RECORD_ID) values (to_date('07-APR-19','DD-MON-RR'),10,3,10,1,'2','Unknown','NorthEast',506);
Insert into STUDENT123.DAILY_WEATHER (DATE_TIME,CITY_ID,TIME,TEMPERATURE,STATUS_ID,WIND_LEVEL,HUMIDITY,WIND_DIRECTION,RECORD_ID) values (to_date('07-APR-19','DD-MON-RR'),10,9,15,1,'2','Unknown','NorthEast',508);
Insert into STUDENT123.DAILY_WEATHER (DATE_TIME,CITY_ID,TIME,TEMPERATURE,STATUS_ID,WIND_LEVEL,HUMIDITY,WIND_DIRECTION,RECORD_ID) values (to_date('07-APR-19','DD-MON-RR'),10,15,19,1,'2','Unknown','NorthEast',510);
Insert into STUDENT123.DAILY_WEATHER (DATE_TIME,CITY_ID,TIME,TEMPERATURE,STATUS_ID,WIND_LEVEL,HUMIDITY,WIND_DIRECTION,RECORD_ID) values (to_date('08-APR-19','DD-MON-RR'),10,3,11,2,'3','Unknown','NorthEast',514);
Insert into STUDENT123.DAILY_WEATHER (DATE_TIME,CITY_ID,TIME,TEMPERATURE,STATUS_ID,WIND_LEVEL,HUMIDITY,WIND_DIRECTION,RECORD_ID) values (to_date('08-APR-19','DD-MON-RR'),10,6,10,2,'3','Unknown','NorthEast',515);
Insert into STUDENT123.DAILY_WEATHER (DATE_TIME,CITY_ID,TIME,TEMPERATURE,STATUS_ID,WIND_LEVEL,HUMIDITY,WIND_DIRECTION,RECORD_ID) values (to_date('08-APR-19','DD-MON-RR'),10,12,15,2,'3','Unknown','NorthEast',517);
Insert into STUDENT123.DAILY_WEATHER (DATE_TIME,CITY_ID,TIME,TEMPERATURE,STATUS_ID,WIND_LEVEL,HUMIDITY,WIND_DIRECTION,RECORD_ID) values (to_date('08-APR-19','DD-MON-RR'),10,18,14,2,'3','Unknown','NorthEast',519);
Insert into STUDENT123.DAILY_WEATHER (DATE_TIME,CITY_ID,TIME,TEMPERATURE,STATUS_ID,WIND_LEVEL,HUMIDITY,WIND_DIRECTION,RECORD_ID) values (to_date('09-APR-19','DD-MON-RR'),10,6,8,4,'4','Unknown','NorthWest',523);
Insert into STUDENT123.DAILY_WEATHER (DATE_TIME,CITY_ID,TIME,TEMPERATURE,STATUS_ID,WIND_LEVEL,HUMIDITY,WIND_DIRECTION,RECORD_ID) values (to_date('09-APR-19','DD-MON-RR'),10,12,15,2,'4','Unknown','NorthWest',525);
Insert into STUDENT123.DAILY_WEATHER (DATE_TIME,CITY_ID,TIME,TEMPERATURE,STATUS_ID,WIND_LEVEL,HUMIDITY,WIND_DIRECTION,RECORD_ID) values (to_date('09-APR-19','DD-MON-RR'),10,15,16,2,'4','Unknown','NorthWest',526);
Insert into STUDENT123.DAILY_WEATHER (DATE_TIME,CITY_ID,TIME,TEMPERATURE,STATUS_ID,WIND_LEVEL,HUMIDITY,WIND_DIRECTION,RECORD_ID) values (to_date('09-APR-19','DD-MON-RR'),10,21,9,2,'4','Unknown','NorthWest',528);
Insert into STUDENT123.DAILY_WEATHER (DATE_TIME,CITY_ID,TIME,TEMPERATURE,STATUS_ID,WIND_LEVEL,HUMIDITY,WIND_DIRECTION,RECORD_ID) values (to_date('10-APR-19','DD-MON-RR'),10,9,8,6,'3','Unknown','NorthEast',532);
Insert into STUDENT123.DAILY_WEATHER (DATE_TIME,CITY_ID,TIME,TEMPERATURE,STATUS_ID,WIND_LEVEL,HUMIDITY,WIND_DIRECTION,RECORD_ID) values (to_date('10-APR-19','DD-MON-RR'),10,15,8,6,'3','Unknown','NorthEast',534);
Insert into STUDENT123.DAILY_WEATHER (DATE_TIME,CITY_ID,TIME,TEMPERATURE,STATUS_ID,WIND_LEVEL,HUMIDITY,WIND_DIRECTION,RECORD_ID) values (to_date('10-APR-19','DD-MON-RR'),10,21,7,6,'3','Unknown','NorthEast',536);
Insert into STUDENT123.DAILY_WEATHER (DATE_TIME,CITY_ID,TIME,TEMPERATURE,STATUS_ID,WIND_LEVEL,HUMIDITY,WIND_DIRECTION,RECORD_ID) values (to_date('11-APR-19','DD-MON-RR'),10,0,6,1,'4','Unknown','NorthWest',537);
Insert into STUDENT123.DAILY_WEATHER (DATE_TIME,CITY_ID,TIME,TEMPERATURE,STATUS_ID,WIND_LEVEL,HUMIDITY,WIND_DIRECTION,RECORD_ID) values (to_date('11-APR-19','DD-MON-RR'),10,6,7,1,'4','Unknown','NorthWest',539);
Insert into STUDENT123.DAILY_WEATHER (DATE_TIME,CITY_ID,TIME,TEMPERATURE,STATUS_ID,WIND_LEVEL,HUMIDITY,WIND_DIRECTION,RECORD_ID) values (to_date('11-APR-19','DD-MON-RR'),10,18,9,1,'4','Unknown','NorthWest',543);
Insert into STUDENT123.DAILY_WEATHER (DATE_TIME,CITY_ID,TIME,TEMPERATURE,STATUS_ID,WIND_LEVEL,HUMIDITY,WIND_DIRECTION,RECORD_ID) values (to_date('12-APR-19','DD-MON-RR'),10,0,7,4,'3','Unknown','NorthEast',545);
Insert into STUDENT123.DAILY_WEATHER (DATE_TIME,CITY_ID,TIME,TEMPERATURE,STATUS_ID,WIND_LEVEL,HUMIDITY,WIND_DIRECTION,RECORD_ID) values (to_date('12-APR-19','DD-MON-RR'),10,3,7,4,'3','Unknown','NorthEast',546);
Insert into STUDENT123.DAILY_WEATHER (DATE_TIME,CITY_ID,TIME,TEMPERATURE,STATUS_ID,WIND_LEVEL,HUMIDITY,WIND_DIRECTION,RECORD_ID) values (to_date('12-APR-19','DD-MON-RR'),10,9,9,4,'3','Unknown','NorthEast',548);
Insert into STUDENT123.DAILY_WEATHER (DATE_TIME,CITY_ID,TIME,TEMPERATURE,STATUS_ID,WIND_LEVEL,HUMIDITY,WIND_DIRECTION,RECORD_ID) values (to_date('12-APR-19','DD-MON-RR'),10,21,10,4,'3','Unknown','NorthEast',552);
Insert into STUDENT123.DAILY_WEATHER (DATE_TIME,CITY_ID,TIME,TEMPERATURE,STATUS_ID,WIND_LEVEL,HUMIDITY,WIND_DIRECTION,RECORD_ID) values (to_date('13-APR-19','DD-MON-RR'),10,3,7,2,'3','Unknown','North',554);
Insert into STUDENT123.DAILY_WEATHER (DATE_TIME,CITY_ID,TIME,TEMPERATURE,STATUS_ID,WIND_LEVEL,HUMIDITY,WIND_DIRECTION,RECORD_ID) values (to_date('13-APR-19','DD-MON-RR'),10,6,8,2,'3','Unknown','North',555);
Insert into STUDENT123.DAILY_WEATHER (DATE_TIME,CITY_ID,TIME,TEMPERATURE,STATUS_ID,WIND_LEVEL,HUMIDITY,WIND_DIRECTION,RECORD_ID) values (to_date('13-APR-19','DD-MON-RR'),10,12,14,1,'3','Unknown','NorthEast',557);
Insert into STUDENT123.DAILY_WEATHER (DATE_TIME,CITY_ID,TIME,TEMPERATURE,STATUS_ID,WIND_LEVEL,HUMIDITY,WIND_DIRECTION,RECORD_ID) values (to_date('13-APR-19','DD-MON-RR'),10,18,13,4,'3','Unknown','SouthEast',559);
Insert into STUDENT123.DAILY_WEATHER (DATE_TIME,CITY_ID,TIME,TEMPERATURE,STATUS_ID,WIND_LEVEL,HUMIDITY,WIND_DIRECTION,RECORD_ID) values (to_date('07-APR-19','DD-MON-RR'),11,3,10,4,'3','Unknown',null,562);
Insert into STUDENT123.DAILY_WEATHER (DATE_TIME,CITY_ID,TIME,TEMPERATURE,STATUS_ID,WIND_LEVEL,HUMIDITY,WIND_DIRECTION,RECORD_ID) values (to_date('07-APR-19','DD-MON-RR'),11,6,8,4,'4','Unknown',null,563);
Insert into STUDENT123.DAILY_WEATHER (DATE_TIME,CITY_ID,TIME,TEMPERATURE,STATUS_ID,WIND_LEVEL,HUMIDITY,WIND_DIRECTION,RECORD_ID) values (to_date('07-APR-19','DD-MON-RR'),11,9,9,4,'4','Unknown',null,564);
Insert into STUDENT123.DAILY_WEATHER (DATE_TIME,CITY_ID,TIME,TEMPERATURE,STATUS_ID,WIND_LEVEL,HUMIDITY,WIND_DIRECTION,RECORD_ID) values (to_date('07-APR-19','DD-MON-RR'),11,15,18,4,'2','Unknown',null,566);
Insert into STUDENT123.DAILY_WEATHER (DATE_TIME,CITY_ID,TIME,TEMPERATURE,STATUS_ID,WIND_LEVEL,HUMIDITY,WIND_DIRECTION,RECORD_ID) values (to_date('07-APR-19','DD-MON-RR'),11,18,16,4,'2','Unknown',null,567);
Insert into STUDENT123.DAILY_WEATHER (DATE_TIME,CITY_ID,TIME,TEMPERATURE,STATUS_ID,WIND_LEVEL,HUMIDITY,WIND_DIRECTION,RECORD_ID) values (to_date('07-APR-19','DD-MON-RR'),11,21,12,4,'2','Unknown',null,568);
Insert into STUDENT123.DAILY_WEATHER (DATE_TIME,CITY_ID,TIME,TEMPERATURE,STATUS_ID,WIND_LEVEL,HUMIDITY,WIND_DIRECTION,RECORD_ID) values (to_date('08-APR-19','DD-MON-RR'),11,0,10,4,'2','Unknown',null,569);
Insert into STUDENT123.DAILY_WEATHER (DATE_TIME,CITY_ID,TIME,TEMPERATURE,STATUS_ID,WIND_LEVEL,HUMIDITY,WIND_DIRECTION,RECORD_ID) values (to_date('08-APR-19','DD-MON-RR'),11,12,16,1,'2','Unknown',null,573);
Insert into STUDENT123.DAILY_WEATHER (DATE_TIME,CITY_ID,TIME,TEMPERATURE,STATUS_ID,WIND_LEVEL,HUMIDITY,WIND_DIRECTION,RECORD_ID) values (to_date('08-APR-19','DD-MON-RR'),11,15,18,1,'3','Unknown',null,574);
Insert into STUDENT123.DAILY_WEATHER (DATE_TIME,CITY_ID,TIME,TEMPERATURE,STATUS_ID,WIND_LEVEL,HUMIDITY,WIND_DIRECTION,RECORD_ID) values (to_date('08-APR-19','DD-MON-RR'),11,18,16,1,'3','Unknown',null,575);
Insert into STUDENT123.DAILY_WEATHER (DATE_TIME,CITY_ID,TIME,TEMPERATURE,STATUS_ID,WIND_LEVEL,HUMIDITY,WIND_DIRECTION,RECORD_ID) values (to_date('09-APR-19','DD-MON-RR'),11,0,10,2,'3','Unknown',null,577);
Insert into STUDENT123.DAILY_WEATHER (DATE_TIME,CITY_ID,TIME,TEMPERATURE,STATUS_ID,WIND_LEVEL,HUMIDITY,WIND_DIRECTION,RECORD_ID) values (to_date('09-APR-19','DD-MON-RR'),11,3,8,2,'3','Unknown',null,578);
Insert into STUDENT123.DAILY_WEATHER (DATE_TIME,CITY_ID,TIME,TEMPERATURE,STATUS_ID,WIND_LEVEL,HUMIDITY,WIND_DIRECTION,RECORD_ID) values (to_date('09-APR-19','DD-MON-RR'),11,6,8,2,'3','Unknown',null,579);
Insert into STUDENT123.DAILY_WEATHER (DATE_TIME,CITY_ID,TIME,TEMPERATURE,STATUS_ID,WIND_LEVEL,HUMIDITY,WIND_DIRECTION,RECORD_ID) values (to_date('09-APR-19','DD-MON-RR'),11,18,8,2,'4','Unknown',null,583);
Insert into STUDENT123.DAILY_WEATHER (DATE_TIME,CITY_ID,TIME,TEMPERATURE,STATUS_ID,WIND_LEVEL,HUMIDITY,WIND_DIRECTION,RECORD_ID) values (to_date('09-APR-19','DD-MON-RR'),11,21,6,2,'4','Unknown',null,584);
Insert into STUDENT123.DAILY_WEATHER (DATE_TIME,CITY_ID,TIME,TEMPERATURE,STATUS_ID,WIND_LEVEL,HUMIDITY,WIND_DIRECTION,RECORD_ID) values (to_date('10-APR-19','DD-MON-RR'),11,0,5,2,'4','Unknown',null,585);
Insert into STUDENT123.DAILY_WEATHER (DATE_TIME,CITY_ID,TIME,TEMPERATURE,STATUS_ID,WIND_LEVEL,HUMIDITY,WIND_DIRECTION,RECORD_ID) values (to_date('10-APR-19','DD-MON-RR'),11,6,4,4,'4','Unknown',null,587);
Insert into STUDENT123.DAILY_WEATHER (DATE_TIME,CITY_ID,TIME,TEMPERATURE,STATUS_ID,WIND_LEVEL,HUMIDITY,WIND_DIRECTION,RECORD_ID) values (to_date('10-APR-19','DD-MON-RR'),11,15,15,2,'3','Unknown',null,590);
Insert into STUDENT123.DAILY_WEATHER (DATE_TIME,CITY_ID,TIME,TEMPERATURE,STATUS_ID,WIND_LEVEL,HUMIDITY,WIND_DIRECTION,RECORD_ID) values (to_date('10-APR-19','DD-MON-RR'),11,18,13,2,'3','Unknown',null,591);
Insert into STUDENT123.DAILY_WEATHER (DATE_TIME,CITY_ID,TIME,TEMPERATURE,STATUS_ID,WIND_LEVEL,HUMIDITY,WIND_DIRECTION,RECORD_ID) values (to_date('11-APR-19','DD-MON-RR'),11,0,6,2,'3','Unknown',null,593);
Insert into STUDENT123.DAILY_WEATHER (DATE_TIME,CITY_ID,TIME,TEMPERATURE,STATUS_ID,WIND_LEVEL,HUMIDITY,WIND_DIRECTION,RECORD_ID) values (to_date('11-APR-19','DD-MON-RR'),11,3,6,6,'3','Unknown',null,594);
Insert into STUDENT123.DAILY_WEATHER (DATE_TIME,CITY_ID,TIME,TEMPERATURE,STATUS_ID,WIND_LEVEL,HUMIDITY,WIND_DIRECTION,RECORD_ID) values (to_date('11-APR-19','DD-MON-RR'),11,6,5,6,'3','Unknown',null,595);
Insert into STUDENT123.DAILY_WEATHER (DATE_TIME,CITY_ID,TIME,TEMPERATURE,STATUS_ID,WIND_LEVEL,HUMIDITY,WIND_DIRECTION,RECORD_ID) values (to_date('11-APR-19','DD-MON-RR'),11,15,15,6,'4','Unknown',null,598);
Insert into STUDENT123.DAILY_WEATHER (DATE_TIME,CITY_ID,TIME,TEMPERATURE,STATUS_ID,WIND_LEVEL,HUMIDITY,WIND_DIRECTION,RECORD_ID) values (to_date('11-APR-19','DD-MON-RR'),11,21,10,6,'4','Unknown',null,600);
Insert into STUDENT123.DAILY_WEATHER (DATE_TIME,CITY_ID,TIME,TEMPERATURE,STATUS_ID,WIND_LEVEL,HUMIDITY,WIND_DIRECTION,RECORD_ID) values (to_date('12-APR-19','DD-MON-RR'),11,0,6,6,'4','Unknown',null,601);
Insert into STUDENT123.DAILY_WEATHER (DATE_TIME,CITY_ID,TIME,TEMPERATURE,STATUS_ID,WIND_LEVEL,HUMIDITY,WIND_DIRECTION,RECORD_ID) values (to_date('12-APR-19','DD-MON-RR'),11,6,5,1,'4','Unknown',null,603);
Insert into STUDENT123.DAILY_WEATHER (DATE_TIME,CITY_ID,TIME,TEMPERATURE,STATUS_ID,WIND_LEVEL,HUMIDITY,WIND_DIRECTION,RECORD_ID) values (to_date('12-APR-19','DD-MON-RR'),11,9,11,1,'4','Unknown',null,604);
Insert into STUDENT123.DAILY_WEATHER (DATE_TIME,CITY_ID,TIME,TEMPERATURE,STATUS_ID,WIND_LEVEL,HUMIDITY,WIND_DIRECTION,RECORD_ID) values (to_date('12-APR-19','DD-MON-RR'),11,15,14,1,'3','Unknown',null,606);
Insert into STUDENT123.DAILY_WEATHER (DATE_TIME,CITY_ID,TIME,TEMPERATURE,STATUS_ID,WIND_LEVEL,HUMIDITY,WIND_DIRECTION,RECORD_ID) values (to_date('12-APR-19','DD-MON-RR'),11,18,8,1,'3','Unknown',null,607);
Insert into STUDENT123.DAILY_WEATHER (DATE_TIME,CITY_ID,TIME,TEMPERATURE,STATUS_ID,WIND_LEVEL,HUMIDITY,WIND_DIRECTION,RECORD_ID) values (to_date('13-APR-19','DD-MON-RR'),11,3,6,4,'3','Unknown',null,610);
Insert into STUDENT123.DAILY_WEATHER (DATE_TIME,CITY_ID,TIME,TEMPERATURE,STATUS_ID,WIND_LEVEL,HUMIDITY,WIND_DIRECTION,RECORD_ID) values (to_date('13-APR-19','DD-MON-RR'),11,6,8,4,'3','Unknown',null,611);
Insert into STUDENT123.DAILY_WEATHER (DATE_TIME,CITY_ID,TIME,TEMPERATURE,STATUS_ID,WIND_LEVEL,HUMIDITY,WIND_DIRECTION,RECORD_ID) values (to_date('13-APR-19','DD-MON-RR'),11,9,9,4,'3','Unknown',null,612);
Insert into STUDENT123.DAILY_WEATHER (DATE_TIME,CITY_ID,TIME,TEMPERATURE,STATUS_ID,WIND_LEVEL,HUMIDITY,WIND_DIRECTION,RECORD_ID) values (to_date('13-APR-19','DD-MON-RR'),11,18,11,4,'3','Unknown',null,615);
Insert into STUDENT123.DAILY_WEATHER (DATE_TIME,CITY_ID,TIME,TEMPERATURE,STATUS_ID,WIND_LEVEL,HUMIDITY,WIND_DIRECTION,RECORD_ID) values (to_date('13-APR-19','DD-MON-RR'),11,21,9,null,null,'Unknown',null,616);
Insert into STUDENT123.DAILY_WEATHER (DATE_TIME,CITY_ID,TIME,TEMPERATURE,STATUS_ID,WIND_LEVEL,HUMIDITY,WIND_DIRECTION,RECORD_ID) values (to_date('07-APR-19','DD-MON-RR'),12,3,6,2,'2','Unknown','Northwest',618);
Insert into STUDENT123.DAILY_WEATHER (DATE_TIME,CITY_ID,TIME,TEMPERATURE,STATUS_ID,WIND_LEVEL,HUMIDITY,WIND_DIRECTION,RECORD_ID) values (to_date('07-APR-19','DD-MON-RR'),12,15,17,2,'2','Unknown','Northwest',622);
Insert into STUDENT123.DAILY_WEATHER (DATE_TIME,CITY_ID,TIME,TEMPERATURE,STATUS_ID,WIND_LEVEL,HUMIDITY,WIND_DIRECTION,RECORD_ID) values (to_date('07-APR-19','DD-MON-RR'),12,21,8,2,'2','Unknown','Northwest',624);
Insert into STUDENT123.DAILY_WEATHER (DATE_TIME,CITY_ID,TIME,TEMPERATURE,STATUS_ID,WIND_LEVEL,HUMIDITY,WIND_DIRECTION,RECORD_ID) values (to_date('08-APR-19','DD-MON-RR'),12,3,8,2,'3','Unknown','Southeast',626);
Insert into STUDENT123.DAILY_WEATHER (DATE_TIME,CITY_ID,TIME,TEMPERATURE,STATUS_ID,WIND_LEVEL,HUMIDITY,WIND_DIRECTION,RECORD_ID) values (to_date('08-APR-19','DD-MON-RR'),12,6,11,2,'3','Unknown','Southeast',627);
Insert into STUDENT123.DAILY_WEATHER (DATE_TIME,CITY_ID,TIME,TEMPERATURE,STATUS_ID,WIND_LEVEL,HUMIDITY,WIND_DIRECTION,RECORD_ID) values (to_date('08-APR-19','DD-MON-RR'),12,18,13,2,'3','Unknown','Southeast',631);
Insert into STUDENT123.DAILY_WEATHER (DATE_TIME,CITY_ID,TIME,TEMPERATURE,STATUS_ID,WIND_LEVEL,HUMIDITY,WIND_DIRECTION,RECORD_ID) values (to_date('09-APR-19','DD-MON-RR'),12,0,9,4,'2','Unknown','Southwest',633);
Insert into STUDENT123.DAILY_WEATHER (DATE_TIME,CITY_ID,TIME,TEMPERATURE,STATUS_ID,WIND_LEVEL,HUMIDITY,WIND_DIRECTION,RECORD_ID) values (to_date('09-APR-19','DD-MON-RR'),12,6,10,4,'2','Unknown','Southwest',635);
Insert into STUDENT123.DAILY_WEATHER (DATE_TIME,CITY_ID,TIME,TEMPERATURE,STATUS_ID,WIND_LEVEL,HUMIDITY,WIND_DIRECTION,RECORD_ID) values (to_date('09-APR-19','DD-MON-RR'),12,12,23,4,'2','Unknown','Southwest',637);
Insert into STUDENT123.DAILY_WEATHER (DATE_TIME,CITY_ID,TIME,TEMPERATURE,STATUS_ID,WIND_LEVEL,HUMIDITY,WIND_DIRECTION,RECORD_ID) values (to_date('09-APR-19','DD-MON-RR'),12,15,22,4,'2','Unknown','Southwest',638);
Insert into STUDENT123.DAILY_WEATHER (DATE_TIME,CITY_ID,TIME,TEMPERATURE,STATUS_ID,WIND_LEVEL,HUMIDITY,WIND_DIRECTION,RECORD_ID) values (to_date('10-APR-19','DD-MON-RR'),12,3,8,4,'3','Unknown','Northwest',642);
Insert into STUDENT123.DAILY_WEATHER (DATE_TIME,CITY_ID,TIME,TEMPERATURE,STATUS_ID,WIND_LEVEL,HUMIDITY,WIND_DIRECTION,RECORD_ID) values (to_date('10-APR-19','DD-MON-RR'),12,9,9,4,'3','Unknown','Northwest',644);
Insert into STUDENT123.DAILY_WEATHER (DATE_TIME,CITY_ID,TIME,TEMPERATURE,STATUS_ID,WIND_LEVEL,HUMIDITY,WIND_DIRECTION,RECORD_ID) values (to_date('10-APR-19','DD-MON-RR'),12,15,12,4,'3','Unknown','Northwest',646);
Insert into STUDENT123.DAILY_WEATHER (DATE_TIME,CITY_ID,TIME,TEMPERATURE,STATUS_ID,WIND_LEVEL,HUMIDITY,WIND_DIRECTION,RECORD_ID) values (to_date('10-APR-19','DD-MON-RR'),12,21,8,4,'3','Unknown','Northwest',648);
Insert into STUDENT123.DAILY_WEATHER (DATE_TIME,CITY_ID,TIME,TEMPERATURE,STATUS_ID,WIND_LEVEL,HUMIDITY,WIND_DIRECTION,RECORD_ID) values (to_date('11-APR-19','DD-MON-RR'),12,6,10,4,'3','Unknown','Northwest',651);
Insert into STUDENT123.DAILY_WEATHER (DATE_TIME,CITY_ID,TIME,TEMPERATURE,STATUS_ID,WIND_LEVEL,HUMIDITY,WIND_DIRECTION,RECORD_ID) values (to_date('11-APR-19','DD-MON-RR'),12,12,15,4,'3','Unknown','Northwest',653);
Insert into STUDENT123.DAILY_WEATHER (DATE_TIME,CITY_ID,TIME,TEMPERATURE,STATUS_ID,WIND_LEVEL,HUMIDITY,WIND_DIRECTION,RECORD_ID) values (to_date('11-APR-19','DD-MON-RR'),12,18,7,4,'3','Unknown','Northwest',655);
Insert into STUDENT123.DAILY_WEATHER (DATE_TIME,CITY_ID,TIME,TEMPERATURE,STATUS_ID,WIND_LEVEL,HUMIDITY,WIND_DIRECTION,RECORD_ID) values (to_date('12-APR-19','DD-MON-RR'),12,0,6,4,'3','Unknown','Southeast',657);
Insert into STUDENT123.DAILY_WEATHER (DATE_TIME,CITY_ID,TIME,TEMPERATURE,STATUS_ID,WIND_LEVEL,HUMIDITY,WIND_DIRECTION,RECORD_ID) values (to_date('12-APR-19','DD-MON-RR'),12,12,12,4,'3','Unknown','Southeast',661);
Insert into STUDENT123.DAILY_WEATHER (DATE_TIME,CITY_ID,TIME,TEMPERATURE,STATUS_ID,WIND_LEVEL,HUMIDITY,WIND_DIRECTION,RECORD_ID) values (to_date('12-APR-19','DD-MON-RR'),12,18,7,4,'3','Unknown','Southeast',663);
Insert into STUDENT123.DAILY_WEATHER (DATE_TIME,CITY_ID,TIME,TEMPERATURE,STATUS_ID,WIND_LEVEL,HUMIDITY,WIND_DIRECTION,RECORD_ID) values (to_date('13-APR-19','DD-MON-RR'),12,3,8,6,'4','Unknown','Southwest',666);
Insert into STUDENT123.DAILY_WEATHER (DATE_TIME,CITY_ID,TIME,TEMPERATURE,STATUS_ID,WIND_LEVEL,HUMIDITY,WIND_DIRECTION,RECORD_ID) values (to_date('13-APR-19','DD-MON-RR'),12,12,18,6,'4','Unknown','Southwest',669);
Insert into STUDENT123.DAILY_WEATHER (DATE_TIME,CITY_ID,TIME,TEMPERATURE,STATUS_ID,WIND_LEVEL,HUMIDITY,WIND_DIRECTION,RECORD_ID) values (to_date('13-APR-19','DD-MON-RR'),12,18,13,6,'4','Unknown','Southwest',671);
Insert into STUDENT123.DAILY_WEATHER (DATE_TIME,CITY_ID,TIME,TEMPERATURE,STATUS_ID,WIND_LEVEL,HUMIDITY,WIND_DIRECTION,RECORD_ID) values (to_date('07-APR-19','DD-MON-RR'),13,6,7,1,'1~2','Unknown','south',675);
Insert into STUDENT123.DAILY_WEATHER (DATE_TIME,CITY_ID,TIME,TEMPERATURE,STATUS_ID,WIND_LEVEL,HUMIDITY,WIND_DIRECTION,RECORD_ID) values (to_date('07-APR-19','DD-MON-RR'),13,15,18,4,'1~2','Unknown','south',678);
Insert into STUDENT123.DAILY_WEATHER (DATE_TIME,CITY_ID,TIME,TEMPERATURE,STATUS_ID,WIND_LEVEL,HUMIDITY,WIND_DIRECTION,RECORD_ID) values (to_date('07-APR-19','DD-MON-RR'),13,21,14,4,'1~2','Unknown','south',680);
Insert into STUDENT123.DAILY_WEATHER (DATE_TIME,CITY_ID,TIME,TEMPERATURE,STATUS_ID,WIND_LEVEL,HUMIDITY,WIND_DIRECTION,RECORD_ID) values (to_date('08-APR-19','DD-MON-RR'),13,3,8,4,'1~2','Unknown','south',682);
Insert into STUDENT123.DAILY_WEATHER (DATE_TIME,CITY_ID,TIME,TEMPERATURE,STATUS_ID,WIND_LEVEL,HUMIDITY,WIND_DIRECTION,RECORD_ID) values (to_date('08-APR-19','DD-MON-RR'),13,18,14,4,'3~4','Unknown','south',687);
Insert into STUDENT123.DAILY_WEATHER (DATE_TIME,CITY_ID,TIME,TEMPERATURE,STATUS_ID,WIND_LEVEL,HUMIDITY,WIND_DIRECTION,RECORD_ID) values (to_date('08-APR-19','DD-MON-RR'),13,21,13,2,'3~4','Unknown','south',688);
Insert into STUDENT123.DAILY_WEATHER (DATE_TIME,CITY_ID,TIME,TEMPERATURE,STATUS_ID,WIND_LEVEL,HUMIDITY,WIND_DIRECTION,RECORD_ID) values (to_date('09-APR-19','DD-MON-RR'),13,6,5,2,'3~4','Unknown','north',691);
Insert into STUDENT123.DAILY_WEATHER (DATE_TIME,CITY_ID,TIME,TEMPERATURE,STATUS_ID,WIND_LEVEL,HUMIDITY,WIND_DIRECTION,RECORD_ID) values (to_date('09-APR-19','DD-MON-RR'),13,12,8,4,'3~4','Unknown','north',693);
Insert into STUDENT123.DAILY_WEATHER (DATE_TIME,CITY_ID,TIME,TEMPERATURE,STATUS_ID,WIND_LEVEL,HUMIDITY,WIND_DIRECTION,RECORD_ID) values (to_date('10-APR-19','DD-MON-RR'),13,0,5,4,'3~4','Unknown','north',697);
Insert into STUDENT123.DAILY_WEATHER (DATE_TIME,CITY_ID,TIME,TEMPERATURE,STATUS_ID,WIND_LEVEL,HUMIDITY,WIND_DIRECTION,RECORD_ID) values (to_date('10-APR-19','DD-MON-RR'),13,9,5,4,'3~4','Unknown','north',700);
Insert into STUDENT123.DAILY_WEATHER (DATE_TIME,CITY_ID,TIME,TEMPERATURE,STATUS_ID,WIND_LEVEL,HUMIDITY,WIND_DIRECTION,RECORD_ID) values (to_date('10-APR-19','DD-MON-RR'),13,15,13,4,'3~4','Unknown','north',702);
Insert into STUDENT123.DAILY_WEATHER (DATE_TIME,CITY_ID,TIME,TEMPERATURE,STATUS_ID,WIND_LEVEL,HUMIDITY,WIND_DIRECTION,RECORD_ID) values (to_date('10-APR-19','DD-MON-RR'),13,21,7,4,'3~4','Unknown','north',704);
Insert into STUDENT123.DAILY_WEATHER (DATE_TIME,CITY_ID,TIME,TEMPERATURE,STATUS_ID,WIND_LEVEL,HUMIDITY,WIND_DIRECTION,RECORD_ID) values (to_date('11-APR-19','DD-MON-RR'),13,12,18,4,'1~2','Unknown','south',709);
Insert into STUDENT123.DAILY_WEATHER (DATE_TIME,CITY_ID,TIME,TEMPERATURE,STATUS_ID,WIND_LEVEL,HUMIDITY,WIND_DIRECTION,RECORD_ID) values (to_date('11-APR-19','DD-MON-RR'),13,18,15,4,'1~2','Unknown','south',711);
Insert into STUDENT123.DAILY_WEATHER (DATE_TIME,CITY_ID,TIME,TEMPERATURE,STATUS_ID,WIND_LEVEL,HUMIDITY,WIND_DIRECTION,RECORD_ID) values (to_date('12-APR-19','DD-MON-RR'),13,0,7,4,'3','Unknown','SouthWest',713);
Insert into STUDENT123.DAILY_WEATHER (DATE_TIME,CITY_ID,TIME,TEMPERATURE,STATUS_ID,WIND_LEVEL,HUMIDITY,WIND_DIRECTION,RECORD_ID) values (to_date('12-APR-19','DD-MON-RR'),13,6,5,4,'3','Unknown','SouthWest',715);
Insert into STUDENT123.DAILY_WEATHER (DATE_TIME,CITY_ID,TIME,TEMPERATURE,STATUS_ID,WIND_LEVEL,HUMIDITY,WIND_DIRECTION,RECORD_ID) values (to_date('12-APR-19','DD-MON-RR'),13,15,22,4,'5','Unknown','SouthWest',718);
Insert into STUDENT123.DAILY_WEATHER (DATE_TIME,CITY_ID,TIME,TEMPERATURE,STATUS_ID,WIND_LEVEL,HUMIDITY,WIND_DIRECTION,RECORD_ID) values (to_date('13-APR-19','DD-MON-RR'),13,3,9,4,'3','Unknown','south',722);
Insert into STUDENT123.DAILY_WEATHER (DATE_TIME,CITY_ID,TIME,TEMPERATURE,STATUS_ID,WIND_LEVEL,HUMIDITY,WIND_DIRECTION,RECORD_ID) values (to_date('13-APR-19','DD-MON-RR'),13,9,14,4,'3','Unknown','south',724);
Insert into STUDENT123.DAILY_WEATHER (DATE_TIME,CITY_ID,TIME,TEMPERATURE,STATUS_ID,WIND_LEVEL,HUMIDITY,WIND_DIRECTION,RECORD_ID) values (to_date('13-APR-19','DD-MON-RR'),13,15,20,4,'4','Unknown','north',726);
Insert into STUDENT123.DAILY_WEATHER (DATE_TIME,CITY_ID,TIME,TEMPERATURE,STATUS_ID,WIND_LEVEL,HUMIDITY,WIND_DIRECTION,RECORD_ID) values (to_date('07-APR-19','DD-MON-RR'),14,6,12,1,'2','Unknown','NorthEast',731);
Insert into STUDENT123.DAILY_WEATHER (DATE_TIME,CITY_ID,TIME,TEMPERATURE,STATUS_ID,WIND_LEVEL,HUMIDITY,WIND_DIRECTION,RECORD_ID) values (to_date('07-APR-19','DD-MON-RR'),14,15,19,1,'2','Unknown','NorthEast',734);
Insert into STUDENT123.DAILY_WEATHER (DATE_TIME,CITY_ID,TIME,TEMPERATURE,STATUS_ID,WIND_LEVEL,HUMIDITY,WIND_DIRECTION,RECORD_ID) values (to_date('07-APR-19','DD-MON-RR'),14,18,17,2,'2','Unknown','NorthEast',735);
Insert into STUDENT123.DAILY_WEATHER (DATE_TIME,CITY_ID,TIME,TEMPERATURE,STATUS_ID,WIND_LEVEL,HUMIDITY,WIND_DIRECTION,RECORD_ID) values (to_date('08-APR-19','DD-MON-RR'),14,0,12,2,'3','Unknown','NorthEast',737);
Insert into STUDENT123.DAILY_WEATHER (DATE_TIME,CITY_ID,TIME,TEMPERATURE,STATUS_ID,WIND_LEVEL,HUMIDITY,WIND_DIRECTION,RECORD_ID) values (to_date('08-APR-19','DD-MON-RR'),14,18,14,2,'3','Unknown','NorthEast',743);
Insert into STUDENT123.DAILY_WEATHER (DATE_TIME,CITY_ID,TIME,TEMPERATURE,STATUS_ID,WIND_LEVEL,HUMIDITY,WIND_DIRECTION,RECORD_ID) values (to_date('09-APR-19','DD-MON-RR'),14,0,9,4,'4','Unknown','NorthWest',745);
Insert into STUDENT123.DAILY_WEATHER (DATE_TIME,CITY_ID,TIME,TEMPERATURE,STATUS_ID,WIND_LEVEL,HUMIDITY,WIND_DIRECTION,RECORD_ID) values (to_date('09-APR-19','DD-MON-RR'),14,6,8,4,'4','Unknown','NorthWest',747);
Insert into STUDENT123.DAILY_WEATHER (DATE_TIME,CITY_ID,TIME,TEMPERATURE,STATUS_ID,WIND_LEVEL,HUMIDITY,WIND_DIRECTION,RECORD_ID) values (to_date('09-APR-19','DD-MON-RR'),14,9,13,4,'4','Unknown','NorthWest',748);
Insert into STUDENT123.DAILY_WEATHER (DATE_TIME,CITY_ID,TIME,TEMPERATURE,STATUS_ID,WIND_LEVEL,HUMIDITY,WIND_DIRECTION,RECORD_ID) values (to_date('09-APR-19','DD-MON-RR'),14,12,15,2,'4','Unknown','NorthWest',749);
Insert into STUDENT123.DAILY_WEATHER (DATE_TIME,CITY_ID,TIME,TEMPERATURE,STATUS_ID,WIND_LEVEL,HUMIDITY,WIND_DIRECTION,RECORD_ID) values (to_date('09-APR-19','DD-MON-RR'),14,15,16,2,'4','Unknown','NorthWest',750);
Insert into STUDENT123.DAILY_WEATHER (DATE_TIME,CITY_ID,TIME,TEMPERATURE,STATUS_ID,WIND_LEVEL,HUMIDITY,WIND_DIRECTION,RECORD_ID) values (to_date('09-APR-19','DD-MON-RR'),14,21,9,2,'4','Unknown','NorthWest',752);
Insert into STUDENT123.DAILY_WEATHER (DATE_TIME,CITY_ID,TIME,TEMPERATURE,STATUS_ID,WIND_LEVEL,HUMIDITY,WIND_DIRECTION,RECORD_ID) values (to_date('10-APR-19','DD-MON-RR'),14,0,8,6,'3','Unknown','NorthEast',753);
Insert into STUDENT123.DAILY_WEATHER (DATE_TIME,CITY_ID,TIME,TEMPERATURE,STATUS_ID,WIND_LEVEL,HUMIDITY,WIND_DIRECTION,RECORD_ID) values (to_date('10-APR-19','DD-MON-RR'),14,3,7,6,'3','Unknown','NorthEast',754);
Insert into STUDENT123.DAILY_WEATHER (DATE_TIME,CITY_ID,TIME,TEMPERATURE,STATUS_ID,WIND_LEVEL,HUMIDITY,WIND_DIRECTION,RECORD_ID) values (to_date('10-APR-19','DD-MON-RR'),14,6,7,6,'3','Unknown','NorthEast',755);
Insert into STUDENT123.DAILY_WEATHER (DATE_TIME,CITY_ID,TIME,TEMPERATURE,STATUS_ID,WIND_LEVEL,HUMIDITY,WIND_DIRECTION,RECORD_ID) values (to_date('10-APR-19','DD-MON-RR'),14,12,10,6,'3','Unknown','NorthEast',757);
Insert into STUDENT123.DAILY_WEATHER (DATE_TIME,CITY_ID,TIME,TEMPERATURE,STATUS_ID,WIND_LEVEL,HUMIDITY,WIND_DIRECTION,RECORD_ID) values (to_date('10-APR-19','DD-MON-RR'),14,15,8,6,'3','Unknown','NorthEast',758);
Insert into STUDENT123.DAILY_WEATHER (DATE_TIME,CITY_ID,TIME,TEMPERATURE,STATUS_ID,WIND_LEVEL,HUMIDITY,WIND_DIRECTION,RECORD_ID) values (to_date('10-APR-19','DD-MON-RR'),14,18,7,6,'3','Unknown','NorthEast',759);
Insert into STUDENT123.DAILY_WEATHER (DATE_TIME,CITY_ID,TIME,TEMPERATURE,STATUS_ID,WIND_LEVEL,HUMIDITY,WIND_DIRECTION,RECORD_ID) values (to_date('10-APR-19','DD-MON-RR'),14,21,7,6,'3','Unknown','NorthEast',760);
Insert into STUDENT123.DAILY_WEATHER (DATE_TIME,CITY_ID,TIME,TEMPERATURE,STATUS_ID,WIND_LEVEL,HUMIDITY,WIND_DIRECTION,RECORD_ID) values (to_date('11-APR-19','DD-MON-RR'),14,0,6,1,'4','Unknown','NorthWest',761);
Insert into STUDENT123.DAILY_WEATHER (DATE_TIME,CITY_ID,TIME,TEMPERATURE,STATUS_ID,WIND_LEVEL,HUMIDITY,WIND_DIRECTION,RECORD_ID) values (to_date('11-APR-19','DD-MON-RR'),14,6,7,1,'4','Unknown','NorthWest',763);
Insert into STUDENT123.DAILY_WEATHER (DATE_TIME,CITY_ID,TIME,TEMPERATURE,STATUS_ID,WIND_LEVEL,HUMIDITY,WIND_DIRECTION,RECORD_ID) values (to_date('11-APR-19','DD-MON-RR'),14,9,9,1,'4','Unknown','NorthWest',764);
Insert into STUDENT123.DAILY_WEATHER (DATE_TIME,CITY_ID,TIME,TEMPERATURE,STATUS_ID,WIND_LEVEL,HUMIDITY,WIND_DIRECTION,RECORD_ID) values (to_date('11-APR-19','DD-MON-RR'),14,12,12,1,'4','Unknown','NorthWest',765);
Insert into STUDENT123.DAILY_WEATHER (DATE_TIME,CITY_ID,TIME,TEMPERATURE,STATUS_ID,WIND_LEVEL,HUMIDITY,WIND_DIRECTION,RECORD_ID) values (to_date('11-APR-19','DD-MON-RR'),14,15,11,1,'4','Unknown','NorthWest',766);
Insert into STUDENT123.DAILY_WEATHER (DATE_TIME,CITY_ID,TIME,TEMPERATURE,STATUS_ID,WIND_LEVEL,HUMIDITY,WIND_DIRECTION,RECORD_ID) values (to_date('11-APR-19','DD-MON-RR'),14,21,8,1,'4','Unknown','NorthWest',768);
Insert into STUDENT123.DAILY_WEATHER (DATE_TIME,CITY_ID,TIME,TEMPERATURE,STATUS_ID,WIND_LEVEL,HUMIDITY,WIND_DIRECTION,RECORD_ID) values (to_date('12-APR-19','DD-MON-RR'),14,0,7,4,'3','Unknown','NorthEast',769);
Insert into STUDENT123.DAILY_WEATHER (DATE_TIME,CITY_ID,TIME,TEMPERATURE,STATUS_ID,WIND_LEVEL,HUMIDITY,WIND_DIRECTION,RECORD_ID) values (to_date('12-APR-19','DD-MON-RR'),14,3,7,4,'3','Unknown','NorthEast',770);
Insert into STUDENT123.DAILY_WEATHER (DATE_TIME,CITY_ID,TIME,TEMPERATURE,STATUS_ID,WIND_LEVEL,HUMIDITY,WIND_DIRECTION,RECORD_ID) values (to_date('12-APR-19','DD-MON-RR'),14,6,7,4,'3','Unknown','NorthEast',771);
Insert into STUDENT123.DAILY_WEATHER (DATE_TIME,CITY_ID,TIME,TEMPERATURE,STATUS_ID,WIND_LEVEL,HUMIDITY,WIND_DIRECTION,RECORD_ID) values (to_date('12-APR-19','DD-MON-RR'),14,9,9,4,'3','Unknown','NorthEast',772);
Insert into STUDENT123.DAILY_WEATHER (DATE_TIME,CITY_ID,TIME,TEMPERATURE,STATUS_ID,WIND_LEVEL,HUMIDITY,WIND_DIRECTION,RECORD_ID) values (to_date('12-APR-19','DD-MON-RR'),14,15,15,4,'3','Unknown','NorthEast',774);
Insert into STUDENT123.DAILY_WEATHER (DATE_TIME,CITY_ID,TIME,TEMPERATURE,STATUS_ID,WIND_LEVEL,HUMIDITY,WIND_DIRECTION,RECORD_ID) values (to_date('12-APR-19','DD-MON-RR'),14,18,13,4,'3','Unknown','NorthEast',775);
Insert into STUDENT123.DAILY_WEATHER (DATE_TIME,CITY_ID,TIME,TEMPERATURE,STATUS_ID,WIND_LEVEL,HUMIDITY,WIND_DIRECTION,RECORD_ID) values (to_date('12-APR-19','DD-MON-RR'),14,21,10,4,'3','Unknown','NorthEast',776);
Insert into STUDENT123.DAILY_WEATHER (DATE_TIME,CITY_ID,TIME,TEMPERATURE,STATUS_ID,WIND_LEVEL,HUMIDITY,WIND_DIRECTION,RECORD_ID) values (to_date('13-APR-19','DD-MON-RR'),14,0,6,2,'3','Unknown','North',777);
Insert into STUDENT123.DAILY_WEATHER (DATE_TIME,CITY_ID,TIME,TEMPERATURE,STATUS_ID,WIND_LEVEL,HUMIDITY,WIND_DIRECTION,RECORD_ID) values (to_date('13-APR-19','DD-MON-RR'),14,6,8,2,'3','Unknown','North',779);
Insert into STUDENT123.DAILY_WEATHER (DATE_TIME,CITY_ID,TIME,TEMPERATURE,STATUS_ID,WIND_LEVEL,HUMIDITY,WIND_DIRECTION,RECORD_ID) values (to_date('13-APR-19','DD-MON-RR'),14,9,14,2,'3','Unknown','North',780);
Insert into STUDENT123.DAILY_WEATHER (DATE_TIME,CITY_ID,TIME,TEMPERATURE,STATUS_ID,WIND_LEVEL,HUMIDITY,WIND_DIRECTION,RECORD_ID) values (to_date('13-APR-19','DD-MON-RR'),14,12,14,1,'3','Unknown','NorthEast',781);
Insert into STUDENT123.DAILY_WEATHER (DATE_TIME,CITY_ID,TIME,TEMPERATURE,STATUS_ID,WIND_LEVEL,HUMIDITY,WIND_DIRECTION,RECORD_ID) values (to_date('13-APR-19','DD-MON-RR'),14,15,16,4,'3','Unknown','East',782);
Insert into STUDENT123.DAILY_WEATHER (DATE_TIME,CITY_ID,TIME,TEMPERATURE,STATUS_ID,WIND_LEVEL,HUMIDITY,WIND_DIRECTION,RECORD_ID) values (to_date('13-APR-19','DD-MON-RR'),14,21,11,1,'3','Unknown','South',784);
Insert into STUDENT123.DAILY_WEATHER (DATE_TIME,CITY_ID,TIME,TEMPERATURE,STATUS_ID,WIND_LEVEL,HUMIDITY,WIND_DIRECTION,RECORD_ID) values (to_date('07-APR-19','DD-MON-RR'),15,0,10,4,'3','Unknown','NorthEast',785);
Insert into STUDENT123.DAILY_WEATHER (DATE_TIME,CITY_ID,TIME,TEMPERATURE,STATUS_ID,WIND_LEVEL,HUMIDITY,WIND_DIRECTION,RECORD_ID) values (to_date('07-APR-19','DD-MON-RR'),15,6,8,4,'4','Unknown','NorthEast',787);
Insert into STUDENT123.DAILY_WEATHER (DATE_TIME,CITY_ID,TIME,TEMPERATURE,STATUS_ID,WIND_LEVEL,HUMIDITY,WIND_DIRECTION,RECORD_ID) values (to_date('07-APR-19','DD-MON-RR'),15,9,9,4,'4','Unknown','NorthEast',788);
Insert into STUDENT123.DAILY_WEATHER (DATE_TIME,CITY_ID,TIME,TEMPERATURE,STATUS_ID,WIND_LEVEL,HUMIDITY,WIND_DIRECTION,RECORD_ID) values (to_date('07-APR-19','DD-MON-RR'),15,15,18,4,'2','Unknown','NorthEast',790);
Insert into STUDENT123.DAILY_WEATHER (DATE_TIME,CITY_ID,TIME,TEMPERATURE,STATUS_ID,WIND_LEVEL,HUMIDITY,WIND_DIRECTION,RECORD_ID) values (to_date('07-APR-19','DD-MON-RR'),15,21,12,4,'2','Unknown','NorthEast',792);
Insert into STUDENT123.DAILY_WEATHER (DATE_TIME,CITY_ID,TIME,TEMPERATURE,STATUS_ID,WIND_LEVEL,HUMIDITY,WIND_DIRECTION,RECORD_ID) values (to_date('08-APR-19','DD-MON-RR'),15,6,8,1,'2','Unknown','NorthEast',795);
Insert into STUDENT123.DAILY_WEATHER (DATE_TIME,CITY_ID,TIME,TEMPERATURE,STATUS_ID,WIND_LEVEL,HUMIDITY,WIND_DIRECTION,RECORD_ID) values (to_date('08-APR-19','DD-MON-RR'),15,9,12,1,'2','Unknown','NorthEast',796);
Insert into STUDENT123.DAILY_WEATHER (DATE_TIME,CITY_ID,TIME,TEMPERATURE,STATUS_ID,WIND_LEVEL,HUMIDITY,WIND_DIRECTION,RECORD_ID) values (to_date('08-APR-19','DD-MON-RR'),15,15,18,1,'3','Unknown','NorthEast',798);
Insert into STUDENT123.DAILY_WEATHER (DATE_TIME,CITY_ID,TIME,TEMPERATURE,STATUS_ID,WIND_LEVEL,HUMIDITY,WIND_DIRECTION,RECORD_ID) values (to_date('08-APR-19','DD-MON-RR'),15,21,11,2,'3','Unknown','NorthEast',800);
Insert into STUDENT123.DAILY_WEATHER (DATE_TIME,CITY_ID,TIME,TEMPERATURE,STATUS_ID,WIND_LEVEL,HUMIDITY,WIND_DIRECTION,RECORD_ID) values (to_date('09-APR-19','DD-MON-RR'),15,6,8,2,'3','Unknown','NorthWest',803);
Insert into STUDENT123.DAILY_WEATHER (DATE_TIME,CITY_ID,TIME,TEMPERATURE,STATUS_ID,WIND_LEVEL,HUMIDITY,WIND_DIRECTION,RECORD_ID) values (to_date('09-APR-19','DD-MON-RR'),15,9,12,2,'3','Unknown','NorthWest',804);
Insert into STUDENT123.DAILY_WEATHER (DATE_TIME,CITY_ID,TIME,TEMPERATURE,STATUS_ID,WIND_LEVEL,HUMIDITY,WIND_DIRECTION,RECORD_ID) values (to_date('09-APR-19','DD-MON-RR'),15,15,11,2,'4','Unknown','NorthWest',806);
Insert into STUDENT123.DAILY_WEATHER (DATE_TIME,CITY_ID,TIME,TEMPERATURE,STATUS_ID,WIND_LEVEL,HUMIDITY,WIND_DIRECTION,RECORD_ID) values (to_date('10-APR-19','DD-MON-RR'),15,0,5,2,'4','Unknown','NorthEast',809);
Insert into STUDENT123.DAILY_WEATHER (DATE_TIME,CITY_ID,TIME,TEMPERATURE,STATUS_ID,WIND_LEVEL,HUMIDITY,WIND_DIRECTION,RECORD_ID) values (to_date('10-APR-19','DD-MON-RR'),15,3,5,4,'4','Unknown','NorthEast',810);
Insert into STUDENT123.DAILY_WEATHER (DATE_TIME,CITY_ID,TIME,TEMPERATURE,STATUS_ID,WIND_LEVEL,HUMIDITY,WIND_DIRECTION,RECORD_ID) values (to_date('10-APR-19','DD-MON-RR'),15,9,7,4,'4','Unknown','NorthEast',812);
Insert into STUDENT123.DAILY_WEATHER (DATE_TIME,CITY_ID,TIME,TEMPERATURE,STATUS_ID,WIND_LEVEL,HUMIDITY,WIND_DIRECTION,RECORD_ID) values (to_date('10-APR-19','DD-MON-RR'),15,15,15,2,'3','Unknown','NorthEast',814);
Insert into STUDENT123.DAILY_WEATHER (DATE_TIME,CITY_ID,TIME,TEMPERATURE,STATUS_ID,WIND_LEVEL,HUMIDITY,WIND_DIRECTION,RECORD_ID) values (to_date('11-APR-19','DD-MON-RR'),15,0,6,2,'3','Unknown','NorthWest',817);
Insert into STUDENT123.DAILY_WEATHER (DATE_TIME,CITY_ID,TIME,TEMPERATURE,STATUS_ID,WIND_LEVEL,HUMIDITY,WIND_DIRECTION,RECORD_ID) values (to_date('11-APR-19','DD-MON-RR'),15,3,6,6,'3','Unknown','NorthWest',818);
Insert into STUDENT123.DAILY_WEATHER (DATE_TIME,CITY_ID,TIME,TEMPERATURE,STATUS_ID,WIND_LEVEL,HUMIDITY,WIND_DIRECTION,RECORD_ID) values (to_date('11-APR-19','DD-MON-RR'),15,9,10,6,'3','Unknown','NorthWest',820);
Insert into STUDENT123.DAILY_WEATHER (DATE_TIME,CITY_ID,TIME,TEMPERATURE,STATUS_ID,WIND_LEVEL,HUMIDITY,WIND_DIRECTION,RECORD_ID) values (to_date('11-APR-19','DD-MON-RR'),15,15,15,6,'4','Unknown','NorthWest',822);
Insert into STUDENT123.DAILY_WEATHER (DATE_TIME,CITY_ID,TIME,TEMPERATURE,STATUS_ID,WIND_LEVEL,HUMIDITY,WIND_DIRECTION,RECORD_ID) values (to_date('12-APR-19','DD-MON-RR'),15,0,6,6,'4','Unknown','NorthEast',825);
Insert into STUDENT123.DAILY_WEATHER (DATE_TIME,CITY_ID,TIME,TEMPERATURE,STATUS_ID,WIND_LEVEL,HUMIDITY,WIND_DIRECTION,RECORD_ID) values (to_date('12-APR-19','DD-MON-RR'),15,3,7,1,'4','Unknown','NorthEast',826);
Insert into STUDENT123.DAILY_WEATHER (DATE_TIME,CITY_ID,TIME,TEMPERATURE,STATUS_ID,WIND_LEVEL,HUMIDITY,WIND_DIRECTION,RECORD_ID) values (to_date('12-APR-19','DD-MON-RR'),15,9,11,1,'4','Unknown','NorthEast',828);
Insert into STUDENT123.DAILY_WEATHER (DATE_TIME,CITY_ID,TIME,TEMPERATURE,STATUS_ID,WIND_LEVEL,HUMIDITY,WIND_DIRECTION,RECORD_ID) values (to_date('12-APR-19','DD-MON-RR'),15,18,8,1,'3','Unknown','NorthEast',831);
Insert into STUDENT123.DAILY_WEATHER (DATE_TIME,CITY_ID,TIME,TEMPERATURE,STATUS_ID,WIND_LEVEL,HUMIDITY,WIND_DIRECTION,RECORD_ID) values (to_date('12-APR-19','DD-MON-RR'),15,21,7,1,'3','Unknown','NorthEast',832);
Insert into STUDENT123.DAILY_WEATHER (DATE_TIME,CITY_ID,TIME,TEMPERATURE,STATUS_ID,WIND_LEVEL,HUMIDITY,WIND_DIRECTION,RECORD_ID) values (to_date('13-APR-19','DD-MON-RR'),15,3,6,4,'3','Unknown','North',834);
Insert into STUDENT123.DAILY_WEATHER (DATE_TIME,CITY_ID,TIME,TEMPERATURE,STATUS_ID,WIND_LEVEL,HUMIDITY,WIND_DIRECTION,RECORD_ID) values (to_date('13-APR-19','DD-MON-RR'),15,9,9,4,'3','Unknown','North',836);
Insert into STUDENT123.DAILY_WEATHER (DATE_TIME,CITY_ID,TIME,TEMPERATURE,STATUS_ID,WIND_LEVEL,HUMIDITY,WIND_DIRECTION,RECORD_ID) values (to_date('13-APR-19','DD-MON-RR'),15,15,14,4,'3','Unknown','East',838);
Insert into STUDENT123.DAILY_WEATHER (DATE_TIME,CITY_ID,TIME,TEMPERATURE,STATUS_ID,WIND_LEVEL,HUMIDITY,WIND_DIRECTION,RECORD_ID) values (to_date('13-APR-19','DD-MON-RR'),15,21,9,4,'3','Unknown','South',840);
Insert into STUDENT123.DAILY_WEATHER (DATE_TIME,CITY_ID,TIME,TEMPERATURE,STATUS_ID,WIND_LEVEL,HUMIDITY,WIND_DIRECTION,RECORD_ID) values (to_date('12-APR-19','DD-MON-RR'),12,9,12,4,'3','Unknown','Southeast',660);
Insert into STUDENT123.DAILY_WEATHER (DATE_TIME,CITY_ID,TIME,TEMPERATURE,STATUS_ID,WIND_LEVEL,HUMIDITY,WIND_DIRECTION,RECORD_ID) values (to_date('12-APR-19','DD-MON-RR'),12,21,7,4,'3','Unknown','Southeast',664);
Insert into STUDENT123.DAILY_WEATHER (DATE_TIME,CITY_ID,TIME,TEMPERATURE,STATUS_ID,WIND_LEVEL,HUMIDITY,WIND_DIRECTION,RECORD_ID) values (to_date('13-APR-19','DD-MON-RR'),12,9,12,6,'4','Unknown','Southwest',668);
Insert into STUDENT123.DAILY_WEATHER (DATE_TIME,CITY_ID,TIME,TEMPERATURE,STATUS_ID,WIND_LEVEL,HUMIDITY,WIND_DIRECTION,RECORD_ID) values (to_date('07-APR-19','DD-MON-RR'),13,12,16,4,'1~2','Unknown','south',677);
Insert into STUDENT123.DAILY_WEATHER (DATE_TIME,CITY_ID,TIME,TEMPERATURE,STATUS_ID,WIND_LEVEL,HUMIDITY,WIND_DIRECTION,RECORD_ID) values (to_date('08-APR-19','DD-MON-RR'),13,0,8,4,'1~2','Unknown','south',681);
Insert into STUDENT123.DAILY_WEATHER (DATE_TIME,CITY_ID,TIME,TEMPERATURE,STATUS_ID,WIND_LEVEL,HUMIDITY,WIND_DIRECTION,RECORD_ID) values (to_date('08-APR-19','DD-MON-RR'),13,12,17,4,'3~4','Unknown','south',685);
Insert into STUDENT123.DAILY_WEATHER (DATE_TIME,CITY_ID,TIME,TEMPERATURE,STATUS_ID,WIND_LEVEL,HUMIDITY,WIND_DIRECTION,RECORD_ID) values (to_date('09-APR-19','DD-MON-RR'),13,3,5,2,'3~4','Unknown','south',690);
Insert into STUDENT123.DAILY_WEATHER (DATE_TIME,CITY_ID,TIME,TEMPERATURE,STATUS_ID,WIND_LEVEL,HUMIDITY,WIND_DIRECTION,RECORD_ID) values (to_date('09-APR-19','DD-MON-RR'),13,15,9,4,'3~4','Unknown','north',694);
Insert into STUDENT123.DAILY_WEATHER (DATE_TIME,CITY_ID,TIME,TEMPERATURE,STATUS_ID,WIND_LEVEL,HUMIDITY,WIND_DIRECTION,RECORD_ID) values (to_date('10-APR-19','DD-MON-RR'),13,6,3,4,'3~4','Unknown','north',699);
Insert into STUDENT123.DAILY_WEATHER (DATE_TIME,CITY_ID,TIME,TEMPERATURE,STATUS_ID,WIND_LEVEL,HUMIDITY,WIND_DIRECTION,RECORD_ID) values (to_date('11-APR-19','DD-MON-RR'),13,6,6,4,'1~2','Unknown','south',707);
Insert into STUDENT123.DAILY_WEATHER (DATE_TIME,CITY_ID,TIME,TEMPERATURE,STATUS_ID,WIND_LEVEL,HUMIDITY,WIND_DIRECTION,RECORD_ID) values (to_date('11-APR-19','DD-MON-RR'),13,21,11,4,'1~2','Unknown','south',712);
Insert into STUDENT123.DAILY_WEATHER (DATE_TIME,CITY_ID,TIME,TEMPERATURE,STATUS_ID,WIND_LEVEL,HUMIDITY,WIND_DIRECTION,RECORD_ID) values (to_date('12-APR-19','DD-MON-RR'),13,9,9,4,'3','Unknown','SouthWest',716);
Insert into STUDENT123.DAILY_WEATHER (DATE_TIME,CITY_ID,TIME,TEMPERATURE,STATUS_ID,WIND_LEVEL,HUMIDITY,WIND_DIRECTION,RECORD_ID) values (to_date('12-APR-19','DD-MON-RR'),13,21,13,4,'3','Unknown','south',720);
Insert into STUDENT123.DAILY_WEATHER (DATE_TIME,CITY_ID,TIME,TEMPERATURE,STATUS_ID,WIND_LEVEL,HUMIDITY,WIND_DIRECTION,RECORD_ID) values (to_date('13-APR-19','DD-MON-RR'),13,12,18,4,'3','Unknown','north',725);
Insert into STUDENT123.DAILY_WEATHER (DATE_TIME,CITY_ID,TIME,TEMPERATURE,STATUS_ID,WIND_LEVEL,HUMIDITY,WIND_DIRECTION,RECORD_ID) values (to_date('07-APR-19','DD-MON-RR'),14,0,11,1,'2','Unknown','NorthEast',729);
Insert into STUDENT123.DAILY_WEATHER (DATE_TIME,CITY_ID,TIME,TEMPERATURE,STATUS_ID,WIND_LEVEL,HUMIDITY,WIND_DIRECTION,RECORD_ID) values (to_date('08-APR-19','DD-MON-RR'),14,3,11,2,'3','Unknown','NorthEast',738);
Insert into STUDENT123.DAILY_WEATHER (DATE_TIME,CITY_ID,TIME,TEMPERATURE,STATUS_ID,WIND_LEVEL,HUMIDITY,WIND_DIRECTION,RECORD_ID) values (to_date('08-APR-19','DD-MON-RR'),14,15,17,2,'3','Unknown','NorthEast',742);
Insert into STUDENT123.DAILY_WEATHER (DATE_TIME,CITY_ID,TIME,TEMPERATURE,STATUS_ID,WIND_LEVEL,HUMIDITY,WIND_DIRECTION,RECORD_ID) values (to_date('07-APR-19','DD-MON-RR'),5,0,8,1,'1~2','Unknown','south',225);
Insert into STUDENT123.DAILY_WEATHER (DATE_TIME,CITY_ID,TIME,TEMPERATURE,STATUS_ID,WIND_LEVEL,HUMIDITY,WIND_DIRECTION,RECORD_ID) values (to_date('07-APR-19','DD-MON-RR'),5,6,7,1,'1~2','Unknown','south',227);
Insert into STUDENT123.DAILY_WEATHER (DATE_TIME,CITY_ID,TIME,TEMPERATURE,STATUS_ID,WIND_LEVEL,HUMIDITY,WIND_DIRECTION,RECORD_ID) values (to_date('12-APR-19','DD-MON-RR'),5,3,5,4,'3','Unknown','SouthWest',266);
Insert into STUDENT123.DAILY_WEATHER (DATE_TIME,CITY_ID,TIME,TEMPERATURE,STATUS_ID,WIND_LEVEL,HUMIDITY,WIND_DIRECTION,RECORD_ID) values (to_date('12-APR-19','DD-MON-RR'),5,9,9,4,'3','Unknown','SouthWest',268);
Insert into STUDENT123.DAILY_WEATHER (DATE_TIME,CITY_ID,TIME,TEMPERATURE,STATUS_ID,WIND_LEVEL,HUMIDITY,WIND_DIRECTION,RECORD_ID) values (to_date('12-APR-19','DD-MON-RR'),5,15,22,4,'5','Unknown','SouthWest',270);
Insert into STUDENT123.DAILY_WEATHER (DATE_TIME,CITY_ID,TIME,TEMPERATURE,STATUS_ID,WIND_LEVEL,HUMIDITY,WIND_DIRECTION,RECORD_ID) values (to_date('12-APR-19','DD-MON-RR'),5,21,13,4,'3','Unknown','south',272);
Insert into STUDENT123.DAILY_WEATHER (DATE_TIME,CITY_ID,TIME,TEMPERATURE,STATUS_ID,WIND_LEVEL,HUMIDITY,WIND_DIRECTION,RECORD_ID) values (to_date('13-APR-19','DD-MON-RR'),5,6,10,4,'3','Unknown','south',275);
Insert into STUDENT123.DAILY_WEATHER (DATE_TIME,CITY_ID,TIME,TEMPERATURE,STATUS_ID,WIND_LEVEL,HUMIDITY,WIND_DIRECTION,RECORD_ID) values (to_date('13-APR-19','DD-MON-RR'),5,15,20,4,'4','Unknown','north',278);
Insert into STUDENT123.DAILY_WEATHER (DATE_TIME,CITY_ID,TIME,TEMPERATURE,STATUS_ID,WIND_LEVEL,HUMIDITY,WIND_DIRECTION,RECORD_ID) values (to_date('07-APR-19','DD-MON-RR'),6,6,12,1,'2','Unknown','NorthEast',283);
Insert into STUDENT123.DAILY_WEATHER (DATE_TIME,CITY_ID,TIME,TEMPERATURE,STATUS_ID,WIND_LEVEL,HUMIDITY,WIND_DIRECTION,RECORD_ID) values (to_date('07-APR-19','DD-MON-RR'),6,12,19,1,'2','Unknown','NorthEast',285);
Insert into STUDENT123.DAILY_WEATHER (DATE_TIME,CITY_ID,TIME,TEMPERATURE,STATUS_ID,WIND_LEVEL,HUMIDITY,WIND_DIRECTION,RECORD_ID) values (to_date('07-APR-19','DD-MON-RR'),6,18,17,2,'2','Unknown','NorthEast',287);
Insert into STUDENT123.DAILY_WEATHER (DATE_TIME,CITY_ID,TIME,TEMPERATURE,STATUS_ID,WIND_LEVEL,HUMIDITY,WIND_DIRECTION,RECORD_ID) values (to_date('08-APR-19','DD-MON-RR'),6,0,12,2,'3','Unknown','NorthEast',289);
Insert into STUDENT123.DAILY_WEATHER (DATE_TIME,CITY_ID,TIME,TEMPERATURE,STATUS_ID,WIND_LEVEL,HUMIDITY,WIND_DIRECTION,RECORD_ID) values (to_date('08-APR-19','DD-MON-RR'),6,6,10,2,'3','Unknown','NorthEast',291);
Insert into STUDENT123.DAILY_WEATHER (DATE_TIME,CITY_ID,TIME,TEMPERATURE,STATUS_ID,WIND_LEVEL,HUMIDITY,WIND_DIRECTION,RECORD_ID) values (to_date('08-APR-19','DD-MON-RR'),6,15,17,2,'3','Unknown','NorthEast',294);
Insert into STUDENT123.DAILY_WEATHER (DATE_TIME,CITY_ID,TIME,TEMPERATURE,STATUS_ID,WIND_LEVEL,HUMIDITY,WIND_DIRECTION,RECORD_ID) values (to_date('09-APR-19','DD-MON-RR'),6,3,8,4,'4','Unknown','NorthWest',298);
Insert into STUDENT123.DAILY_WEATHER (DATE_TIME,CITY_ID,TIME,TEMPERATURE,STATUS_ID,WIND_LEVEL,HUMIDITY,WIND_DIRECTION,RECORD_ID) values (to_date('09-APR-19','DD-MON-RR'),6,9,13,4,'4','Unknown','NorthWest',300);
Insert into STUDENT123.DAILY_WEATHER (DATE_TIME,CITY_ID,TIME,TEMPERATURE,STATUS_ID,WIND_LEVEL,HUMIDITY,WIND_DIRECTION,RECORD_ID) values (to_date('09-APR-19','DD-MON-RR'),6,15,16,2,'4','Unknown','NorthWest',302);
Insert into STUDENT123.DAILY_WEATHER (DATE_TIME,CITY_ID,TIME,TEMPERATURE,STATUS_ID,WIND_LEVEL,HUMIDITY,WIND_DIRECTION,RECORD_ID) values (to_date('10-APR-19','DD-MON-RR'),6,0,8,6,'3','Unknown','NorthEast',305);
Insert into STUDENT123.DAILY_WEATHER (DATE_TIME,CITY_ID,TIME,TEMPERATURE,STATUS_ID,WIND_LEVEL,HUMIDITY,WIND_DIRECTION,RECORD_ID) values (to_date('10-APR-19','DD-MON-RR'),6,6,7,6,'3','Unknown','NorthEast',307);
Insert into STUDENT123.DAILY_WEATHER (DATE_TIME,CITY_ID,TIME,TEMPERATURE,STATUS_ID,WIND_LEVEL,HUMIDITY,WIND_DIRECTION,RECORD_ID) values (to_date('10-APR-19','DD-MON-RR'),6,12,10,6,'3','Unknown','NorthEast',309);
Insert into STUDENT123.DAILY_WEATHER (DATE_TIME,CITY_ID,TIME,TEMPERATURE,STATUS_ID,WIND_LEVEL,HUMIDITY,WIND_DIRECTION,RECORD_ID) values (to_date('11-APR-19','DD-MON-RR'),6,0,6,1,'4','Unknown','NorthWest',313);
Insert into STUDENT123.DAILY_WEATHER (DATE_TIME,CITY_ID,TIME,TEMPERATURE,STATUS_ID,WIND_LEVEL,HUMIDITY,WIND_DIRECTION,RECORD_ID) values (to_date('11-APR-19','DD-MON-RR'),6,9,9,1,'4','Unknown','NorthWest',316);
Insert into STUDENT123.DAILY_WEATHER (DATE_TIME,CITY_ID,TIME,TEMPERATURE,STATUS_ID,WIND_LEVEL,HUMIDITY,WIND_DIRECTION,RECORD_ID) values (to_date('11-APR-19','DD-MON-RR'),6,15,11,1,'4','Unknown','NorthWest',318);
Insert into STUDENT123.DAILY_WEATHER (DATE_TIME,CITY_ID,TIME,TEMPERATURE,STATUS_ID,WIND_LEVEL,HUMIDITY,WIND_DIRECTION,RECORD_ID) values (to_date('11-APR-19','DD-MON-RR'),6,21,8,1,'4','Unknown','NorthWest',320);
Insert into STUDENT123.DAILY_WEATHER (DATE_TIME,CITY_ID,TIME,TEMPERATURE,STATUS_ID,WIND_LEVEL,HUMIDITY,WIND_DIRECTION,RECORD_ID) values (to_date('12-APR-19','DD-MON-RR'),6,3,7,4,'3','Unknown','NorthEast',322);
Insert into STUDENT123.DAILY_WEATHER (DATE_TIME,CITY_ID,TIME,TEMPERATURE,STATUS_ID,WIND_LEVEL,HUMIDITY,WIND_DIRECTION,RECORD_ID) values (to_date('12-APR-19','DD-MON-RR'),6,9,9,4,'3','Unknown','NorthEast',324);
Insert into STUDENT123.DAILY_WEATHER (DATE_TIME,CITY_ID,TIME,TEMPERATURE,STATUS_ID,WIND_LEVEL,HUMIDITY,WIND_DIRECTION,RECORD_ID) values (to_date('13-APR-19','DD-MON-RR'),6,0,6,2,'3','Unknown','North',329);
Insert into STUDENT123.DAILY_WEATHER (DATE_TIME,CITY_ID,TIME,TEMPERATURE,STATUS_ID,WIND_LEVEL,HUMIDITY,WIND_DIRECTION,RECORD_ID) values (to_date('13-APR-19','DD-MON-RR'),6,9,14,2,'3','Unknown','North',332);
Insert into STUDENT123.DAILY_WEATHER (DATE_TIME,CITY_ID,TIME,TEMPERATURE,STATUS_ID,WIND_LEVEL,HUMIDITY,WIND_DIRECTION,RECORD_ID) values (to_date('13-APR-19','DD-MON-RR'),6,15,16,4,'3','Unknown','East',334);
Insert into STUDENT123.DAILY_WEATHER (DATE_TIME,CITY_ID,TIME,TEMPERATURE,STATUS_ID,WIND_LEVEL,HUMIDITY,WIND_DIRECTION,RECORD_ID) values (to_date('13-APR-19','DD-MON-RR'),6,21,11,1,'3','Unknown','South',336);
Insert into STUDENT123.DAILY_WEATHER (DATE_TIME,CITY_ID,TIME,TEMPERATURE,STATUS_ID,WIND_LEVEL,HUMIDITY,WIND_DIRECTION,RECORD_ID) values (to_date('08-APR-19','DD-MON-RR'),7,12,16,1,'2','Unknown',null,349);
Insert into STUDENT123.DAILY_WEATHER (DATE_TIME,CITY_ID,TIME,TEMPERATURE,STATUS_ID,WIND_LEVEL,HUMIDITY,WIND_DIRECTION,RECORD_ID) values (to_date('09-APR-19','DD-MON-RR'),7,15,11,2,'4','Unknown',null,358);
Insert into STUDENT123.DAILY_WEATHER (DATE_TIME,CITY_ID,TIME,TEMPERATURE,STATUS_ID,WIND_LEVEL,HUMIDITY,WIND_DIRECTION,RECORD_ID) values (to_date('12-APR-19','DD-MON-RR'),7,0,6,6,'4','Unknown',null,377);
Insert into STUDENT123.DAILY_WEATHER (DATE_TIME,CITY_ID,TIME,TEMPERATURE,STATUS_ID,WIND_LEVEL,HUMIDITY,WIND_DIRECTION,RECORD_ID) values (to_date('07-APR-19','DD-MON-RR'),8,0,4,2,'2','Unknown','Northwest',393);
Insert into STUDENT123.DAILY_WEATHER (DATE_TIME,CITY_ID,TIME,TEMPERATURE,STATUS_ID,WIND_LEVEL,HUMIDITY,WIND_DIRECTION,RECORD_ID) values (to_date('07-APR-19','DD-MON-RR'),8,6,8,2,'2','Unknown','Northwest',395);
Insert into STUDENT123.DAILY_WEATHER (DATE_TIME,CITY_ID,TIME,TEMPERATURE,STATUS_ID,WIND_LEVEL,HUMIDITY,WIND_DIRECTION,RECORD_ID) values (to_date('07-APR-19','DD-MON-RR'),8,12,18,2,'2','Unknown','Northwest',397);
Insert into STUDENT123.DAILY_WEATHER (DATE_TIME,CITY_ID,TIME,TEMPERATURE,STATUS_ID,WIND_LEVEL,HUMIDITY,WIND_DIRECTION,RECORD_ID) values (to_date('07-APR-19','DD-MON-RR'),8,21,8,2,'2','Unknown','Northwest',400);
Insert into STUDENT123.DAILY_WEATHER (DATE_TIME,CITY_ID,TIME,TEMPERATURE,STATUS_ID,WIND_LEVEL,HUMIDITY,WIND_DIRECTION,RECORD_ID) values (to_date('08-APR-19','DD-MON-RR'),8,3,8,2,'3','Unknown','Southeast',402);
Insert into STUDENT123.DAILY_WEATHER (DATE_TIME,CITY_ID,TIME,TEMPERATURE,STATUS_ID,WIND_LEVEL,HUMIDITY,WIND_DIRECTION,RECORD_ID) values (to_date('08-APR-19','DD-MON-RR'),8,15,15,2,'3','Unknown','Southeast',406);
Insert into STUDENT123.DAILY_WEATHER (DATE_TIME,CITY_ID,TIME,TEMPERATURE,STATUS_ID,WIND_LEVEL,HUMIDITY,WIND_DIRECTION,RECORD_ID) values (to_date('08-APR-19','DD-MON-RR'),8,21,10,2,'3','Unknown','Southeast',408);
Insert into STUDENT123.DAILY_WEATHER (DATE_TIME,CITY_ID,TIME,TEMPERATURE,STATUS_ID,WIND_LEVEL,HUMIDITY,WIND_DIRECTION,RECORD_ID) values (to_date('09-APR-19','DD-MON-RR'),8,6,10,4,'2','Unknown','Southwest',411);
Insert into STUDENT123.DAILY_WEATHER (DATE_TIME,CITY_ID,TIME,TEMPERATURE,STATUS_ID,WIND_LEVEL,HUMIDITY,WIND_DIRECTION,RECORD_ID) values (to_date('09-APR-19','DD-MON-RR'),8,12,23,4,'2','Unknown','Southwest',413);
Insert into STUDENT123.DAILY_WEATHER (DATE_TIME,CITY_ID,TIME,TEMPERATURE,STATUS_ID,WIND_LEVEL,HUMIDITY,WIND_DIRECTION,RECORD_ID) values (to_date('09-APR-19','DD-MON-RR'),8,18,17,4,'2','Unknown','Southwest',415);
Insert into STUDENT123.DAILY_WEATHER (DATE_TIME,CITY_ID,TIME,TEMPERATURE,STATUS_ID,WIND_LEVEL,HUMIDITY,WIND_DIRECTION,RECORD_ID) values (to_date('10-APR-19','DD-MON-RR'),8,0,10,4,'3','Unknown','Northwest',417);
Insert into STUDENT123.DAILY_WEATHER (DATE_TIME,CITY_ID,TIME,TEMPERATURE,STATUS_ID,WIND_LEVEL,HUMIDITY,WIND_DIRECTION,RECORD_ID) values (to_date('10-APR-19','DD-MON-RR'),8,6,7,4,'3','Unknown','Northwest',419);
Insert into STUDENT123.DAILY_WEATHER (DATE_TIME,CITY_ID,TIME,TEMPERATURE,STATUS_ID,WIND_LEVEL,HUMIDITY,WIND_DIRECTION,RECORD_ID) values (to_date('10-APR-19','DD-MON-RR'),8,15,12,4,'3','Unknown','Northwest',422);
Insert into STUDENT123.DAILY_WEATHER (DATE_TIME,CITY_ID,TIME,TEMPERATURE,STATUS_ID,WIND_LEVEL,HUMIDITY,WIND_DIRECTION,RECORD_ID) values (to_date('10-APR-19','DD-MON-RR'),8,21,8,4,'3','Unknown','Northwest',424);
Insert into STUDENT123.DAILY_WEATHER (DATE_TIME,CITY_ID,TIME,TEMPERATURE,STATUS_ID,WIND_LEVEL,HUMIDITY,WIND_DIRECTION,RECORD_ID) values (to_date('11-APR-19','DD-MON-RR'),8,3,7,4,'3','Unknown','Northwest',426);
Insert into STUDENT123.DAILY_WEATHER (DATE_TIME,CITY_ID,TIME,TEMPERATURE,STATUS_ID,WIND_LEVEL,HUMIDITY,WIND_DIRECTION,RECORD_ID) values (to_date('11-APR-19','DD-MON-RR'),8,9,11,4,'3','Unknown','Northwest',428);
Insert into STUDENT123.DAILY_WEATHER (DATE_TIME,CITY_ID,TIME,TEMPERATURE,STATUS_ID,WIND_LEVEL,HUMIDITY,WIND_DIRECTION,RECORD_ID) values (to_date('11-APR-19','DD-MON-RR'),8,15,11,4,'3','Unknown','Northwest',430);
Insert into STUDENT123.DAILY_WEATHER (DATE_TIME,CITY_ID,TIME,TEMPERATURE,STATUS_ID,WIND_LEVEL,HUMIDITY,WIND_DIRECTION,RECORD_ID) values (to_date('12-APR-19','DD-MON-RR'),8,0,6,4,'3','Unknown','Southeast',433);
Insert into STUDENT123.DAILY_WEATHER (DATE_TIME,CITY_ID,TIME,TEMPERATURE,STATUS_ID,WIND_LEVEL,HUMIDITY,WIND_DIRECTION,RECORD_ID) values (to_date('12-APR-19','DD-MON-RR'),8,6,10,4,'3','Unknown','Southeast',435);
Insert into STUDENT123.DAILY_WEATHER (DATE_TIME,CITY_ID,TIME,TEMPERATURE,STATUS_ID,WIND_LEVEL,HUMIDITY,WIND_DIRECTION,RECORD_ID) values (to_date('12-APR-19','DD-MON-RR'),8,12,12,4,'3','Unknown','Southeast',437);
Insert into STUDENT123.DAILY_WEATHER (DATE_TIME,CITY_ID,TIME,TEMPERATURE,STATUS_ID,WIND_LEVEL,HUMIDITY,WIND_DIRECTION,RECORD_ID) values (to_date('12-APR-19','DD-MON-RR'),8,18,7,4,'3','Unknown','Southeast',439);
Insert into STUDENT123.DAILY_WEATHER (DATE_TIME,CITY_ID,TIME,TEMPERATURE,STATUS_ID,WIND_LEVEL,HUMIDITY,WIND_DIRECTION,RECORD_ID) values (to_date('13-APR-19','DD-MON-RR'),8,0,8,6,'4','Unknown','Southwest',441);
Insert into STUDENT123.DAILY_WEATHER (DATE_TIME,CITY_ID,TIME,TEMPERATURE,STATUS_ID,WIND_LEVEL,HUMIDITY,WIND_DIRECTION,RECORD_ID) values (to_date('13-APR-19','DD-MON-RR'),8,9,12,6,'4','Unknown','Southwest',444);
Insert into STUDENT123.DAILY_WEATHER (DATE_TIME,CITY_ID,TIME,TEMPERATURE,STATUS_ID,WIND_LEVEL,HUMIDITY,WIND_DIRECTION,RECORD_ID) values (to_date('13-APR-19','DD-MON-RR'),8,12,18,6,'4','Unknown','Southwest',445);
Insert into STUDENT123.DAILY_WEATHER (DATE_TIME,CITY_ID,TIME,TEMPERATURE,STATUS_ID,WIND_LEVEL,HUMIDITY,WIND_DIRECTION,RECORD_ID) values (to_date('13-APR-19','DD-MON-RR'),8,18,13,6,'4','Unknown','Southwest',447);
Insert into STUDENT123.DAILY_WEATHER (DATE_TIME,CITY_ID,TIME,TEMPERATURE,STATUS_ID,WIND_LEVEL,HUMIDITY,WIND_DIRECTION,RECORD_ID) values (to_date('07-APR-19','DD-MON-RR'),9,0,8,1,'1~2','Unknown','south',449);
Insert into STUDENT123.DAILY_WEATHER (DATE_TIME,CITY_ID,TIME,TEMPERATURE,STATUS_ID,WIND_LEVEL,HUMIDITY,WIND_DIRECTION,RECORD_ID) values (to_date('07-APR-19','DD-MON-RR'),9,6,7,1,'1~2','Unknown','south',451);
Insert into STUDENT123.DAILY_WEATHER (DATE_TIME,CITY_ID,TIME,TEMPERATURE,STATUS_ID,WIND_LEVEL,HUMIDITY,WIND_DIRECTION,RECORD_ID) values (to_date('07-APR-19','DD-MON-RR'),9,15,18,4,'1~2','Unknown','south',454);
Insert into STUDENT123.DAILY_WEATHER (DATE_TIME,CITY_ID,TIME,TEMPERATURE,STATUS_ID,WIND_LEVEL,HUMIDITY,WIND_DIRECTION,RECORD_ID) values (to_date('07-APR-19','DD-MON-RR'),9,21,14,4,'1~2','Unknown','south',456);
Insert into STUDENT123.DAILY_WEATHER (DATE_TIME,CITY_ID,TIME,TEMPERATURE,STATUS_ID,WIND_LEVEL,HUMIDITY,WIND_DIRECTION,RECORD_ID) values (to_date('08-APR-19','DD-MON-RR'),9,6,7,4,'1~2','Unknown','south',459);
Insert into STUDENT123.DAILY_WEATHER (DATE_TIME,CITY_ID,TIME,TEMPERATURE,STATUS_ID,WIND_LEVEL,HUMIDITY,WIND_DIRECTION,RECORD_ID) values (to_date('08-APR-19','DD-MON-RR'),9,12,17,4,'3~4','Unknown','south',461);
Insert into STUDENT123.DAILY_WEATHER (DATE_TIME,CITY_ID,TIME,TEMPERATURE,STATUS_ID,WIND_LEVEL,HUMIDITY,WIND_DIRECTION,RECORD_ID) values (to_date('08-APR-19','DD-MON-RR'),9,18,14,4,'3~4','Unknown','south',463);
Insert into STUDENT123.DAILY_WEATHER (DATE_TIME,CITY_ID,TIME,TEMPERATURE,STATUS_ID,WIND_LEVEL,HUMIDITY,WIND_DIRECTION,RECORD_ID) values (to_date('09-APR-19','DD-MON-RR'),9,3,5,2,'3~4','Unknown','south',466);
Insert into STUDENT123.DAILY_WEATHER (DATE_TIME,CITY_ID,TIME,TEMPERATURE,STATUS_ID,WIND_LEVEL,HUMIDITY,WIND_DIRECTION,RECORD_ID) values (to_date('09-APR-19','DD-MON-RR'),9,9,6,4,'3~4','Unknown','north',468);
Insert into STUDENT123.DAILY_WEATHER (DATE_TIME,CITY_ID,TIME,TEMPERATURE,STATUS_ID,WIND_LEVEL,HUMIDITY,WIND_DIRECTION,RECORD_ID) values (to_date('09-APR-19','DD-MON-RR'),9,18,8,4,'3~4','Unknown','north',471);
Insert into STUDENT123.DAILY_WEATHER (DATE_TIME,CITY_ID,TIME,TEMPERATURE,STATUS_ID,WIND_LEVEL,HUMIDITY,WIND_DIRECTION,RECORD_ID) values (to_date('10-APR-19','DD-MON-RR'),9,0,5,4,'3~4','Unknown','north',473);
Insert into STUDENT123.DAILY_WEATHER (DATE_TIME,CITY_ID,TIME,TEMPERATURE,STATUS_ID,WIND_LEVEL,HUMIDITY,WIND_DIRECTION,RECORD_ID) values (to_date('10-APR-19','DD-MON-RR'),9,6,3,4,'3~4','Unknown','north',475);
Insert into STUDENT123.DAILY_WEATHER (DATE_TIME,CITY_ID,TIME,TEMPERATURE,STATUS_ID,WIND_LEVEL,HUMIDITY,WIND_DIRECTION,RECORD_ID) values (to_date('10-APR-19','DD-MON-RR'),9,15,13,4,'3~4','Unknown','north',478);
Insert into STUDENT123.DAILY_WEATHER (DATE_TIME,CITY_ID,TIME,TEMPERATURE,STATUS_ID,WIND_LEVEL,HUMIDITY,WIND_DIRECTION,RECORD_ID) values (to_date('10-APR-19','DD-MON-RR'),9,21,7,4,'3~4','Unknown','north',480);
Insert into STUDENT123.DAILY_WEATHER (DATE_TIME,CITY_ID,TIME,TEMPERATURE,STATUS_ID,WIND_LEVEL,HUMIDITY,WIND_DIRECTION,RECORD_ID) values (to_date('11-APR-19','DD-MON-RR'),9,6,6,4,'1~2','Unknown','south',483);
Insert into STUDENT123.DAILY_WEATHER (DATE_TIME,CITY_ID,TIME,TEMPERATURE,STATUS_ID,WIND_LEVEL,HUMIDITY,WIND_DIRECTION,RECORD_ID) values (to_date('11-APR-19','DD-MON-RR'),9,12,18,4,'1~2','Unknown','south',485);
Insert into STUDENT123.DAILY_WEATHER (DATE_TIME,CITY_ID,TIME,TEMPERATURE,STATUS_ID,WIND_LEVEL,HUMIDITY,WIND_DIRECTION,RECORD_ID) values (to_date('11-APR-19','DD-MON-RR'),9,21,11,4,'1~2','Unknown','south',488);
Insert into STUDENT123.DAILY_WEATHER (DATE_TIME,CITY_ID,TIME,TEMPERATURE,STATUS_ID,WIND_LEVEL,HUMIDITY,WIND_DIRECTION,RECORD_ID) values (to_date('12-APR-19','DD-MON-RR'),9,3,5,4,'3','Unknown','SouthWest',490);
Insert into STUDENT123.DAILY_WEATHER (DATE_TIME,CITY_ID,TIME,TEMPERATURE,STATUS_ID,WIND_LEVEL,HUMIDITY,WIND_DIRECTION,RECORD_ID) values (to_date('12-APR-19','DD-MON-RR'),9,9,9,4,'3','Unknown','SouthWest',492);
Insert into STUDENT123.DAILY_WEATHER (DATE_TIME,CITY_ID,TIME,TEMPERATURE,STATUS_ID,WIND_LEVEL,HUMIDITY,WIND_DIRECTION,RECORD_ID) values (to_date('12-APR-19','DD-MON-RR'),9,15,22,4,'5','Unknown','SouthWest',494);
Insert into STUDENT123.DAILY_WEATHER (DATE_TIME,CITY_ID,TIME,TEMPERATURE,STATUS_ID,WIND_LEVEL,HUMIDITY,WIND_DIRECTION,RECORD_ID) values (to_date('13-APR-19','DD-MON-RR'),9,0,11,4,'3','Unknown','south',497);
Insert into STUDENT123.DAILY_WEATHER (DATE_TIME,CITY_ID,TIME,TEMPERATURE,STATUS_ID,WIND_LEVEL,HUMIDITY,WIND_DIRECTION,RECORD_ID) values (to_date('13-APR-19','DD-MON-RR'),9,6,10,4,'3','Unknown','south',499);
Insert into STUDENT123.DAILY_WEATHER (DATE_TIME,CITY_ID,TIME,TEMPERATURE,STATUS_ID,WIND_LEVEL,HUMIDITY,WIND_DIRECTION,RECORD_ID) values (to_date('13-APR-19','DD-MON-RR'),9,15,20,4,'4','Unknown','north',502);
Insert into STUDENT123.DAILY_WEATHER (DATE_TIME,CITY_ID,TIME,TEMPERATURE,STATUS_ID,WIND_LEVEL,HUMIDITY,WIND_DIRECTION,RECORD_ID) values (to_date('07-APR-19','DD-MON-RR'),10,0,11,1,'2','Unknown','NorthEast',505);
Insert into STUDENT123.DAILY_WEATHER (DATE_TIME,CITY_ID,TIME,TEMPERATURE,STATUS_ID,WIND_LEVEL,HUMIDITY,WIND_DIRECTION,RECORD_ID) values (to_date('07-APR-19','DD-MON-RR'),10,6,12,1,'2','Unknown','NorthEast',507);
Insert into STUDENT123.DAILY_WEATHER (DATE_TIME,CITY_ID,TIME,TEMPERATURE,STATUS_ID,WIND_LEVEL,HUMIDITY,WIND_DIRECTION,RECORD_ID) values (to_date('07-APR-19','DD-MON-RR'),10,12,19,1,'2','Unknown','NorthEast',509);
Insert into STUDENT123.DAILY_WEATHER (DATE_TIME,CITY_ID,TIME,TEMPERATURE,STATUS_ID,WIND_LEVEL,HUMIDITY,WIND_DIRECTION,RECORD_ID) values (to_date('07-APR-19','DD-MON-RR'),10,18,17,2,'2','Unknown','NorthEast',511);
Insert into STUDENT123.DAILY_WEATHER (DATE_TIME,CITY_ID,TIME,TEMPERATURE,STATUS_ID,WIND_LEVEL,HUMIDITY,WIND_DIRECTION,RECORD_ID) values (to_date('08-APR-19','DD-MON-RR'),10,0,12,2,'3','Unknown','NorthEast',513);
Insert into STUDENT123.DAILY_WEATHER (DATE_TIME,CITY_ID,TIME,TEMPERATURE,STATUS_ID,WIND_LEVEL,HUMIDITY,WIND_DIRECTION,RECORD_ID) values (to_date('08-APR-19','DD-MON-RR'),10,9,12,2,'3','Unknown','NorthEast',516);
Insert into STUDENT123.DAILY_WEATHER (DATE_TIME,CITY_ID,TIME,TEMPERATURE,STATUS_ID,WIND_LEVEL,HUMIDITY,WIND_DIRECTION,RECORD_ID) values (to_date('08-APR-19','DD-MON-RR'),10,15,17,2,'3','Unknown','NorthEast',518);
Insert into STUDENT123.DAILY_WEATHER (DATE_TIME,CITY_ID,TIME,TEMPERATURE,STATUS_ID,WIND_LEVEL,HUMIDITY,WIND_DIRECTION,RECORD_ID) values (to_date('08-APR-19','DD-MON-RR'),10,21,10,2,'3','Unknown','NorthEast',520);
Insert into STUDENT123.DAILY_WEATHER (DATE_TIME,CITY_ID,TIME,TEMPERATURE,STATUS_ID,WIND_LEVEL,HUMIDITY,WIND_DIRECTION,RECORD_ID) values (to_date('09-APR-19','DD-MON-RR'),10,3,8,4,'4','Unknown','NorthWest',522);
Insert into STUDENT123.DAILY_WEATHER (DATE_TIME,CITY_ID,TIME,TEMPERATURE,STATUS_ID,WIND_LEVEL,HUMIDITY,WIND_DIRECTION,RECORD_ID) values (to_date('09-APR-19','DD-MON-RR'),10,9,13,4,'4','Unknown','NorthWest',524);
Insert into STUDENT123.DAILY_WEATHER (DATE_TIME,CITY_ID,TIME,TEMPERATURE,STATUS_ID,WIND_LEVEL,HUMIDITY,WIND_DIRECTION,RECORD_ID) values (to_date('09-APR-19','DD-MON-RR'),10,18,12,2,'4','Unknown','NorthWest',527);
Insert into STUDENT123.DAILY_WEATHER (DATE_TIME,CITY_ID,TIME,TEMPERATURE,STATUS_ID,WIND_LEVEL,HUMIDITY,WIND_DIRECTION,RECORD_ID) values (to_date('10-APR-19','DD-MON-RR'),10,0,8,6,'3','Unknown','NorthEast',529);
Insert into STUDENT123.DAILY_WEATHER (DATE_TIME,CITY_ID,TIME,TEMPERATURE,STATUS_ID,WIND_LEVEL,HUMIDITY,WIND_DIRECTION,RECORD_ID) values (to_date('10-APR-19','DD-MON-RR'),10,6,7,6,'3','Unknown','NorthEast',531);
Insert into STUDENT123.DAILY_WEATHER (DATE_TIME,CITY_ID,TIME,TEMPERATURE,STATUS_ID,WIND_LEVEL,HUMIDITY,WIND_DIRECTION,RECORD_ID) values (to_date('10-APR-19','DD-MON-RR'),10,12,10,6,'3','Unknown','NorthEast',533);
Insert into STUDENT123.DAILY_WEATHER (DATE_TIME,CITY_ID,TIME,TEMPERATURE,STATUS_ID,WIND_LEVEL,HUMIDITY,WIND_DIRECTION,RECORD_ID) values (to_date('10-APR-19','DD-MON-RR'),10,18,7,6,'3','Unknown','NorthEast',535);
Insert into STUDENT123.DAILY_WEATHER (DATE_TIME,CITY_ID,TIME,TEMPERATURE,STATUS_ID,WIND_LEVEL,HUMIDITY,WIND_DIRECTION,RECORD_ID) values (to_date('11-APR-19','DD-MON-RR'),10,3,7,1,'4','Unknown','NorthWest',538);
Insert into STUDENT123.DAILY_WEATHER (DATE_TIME,CITY_ID,TIME,TEMPERATURE,STATUS_ID,WIND_LEVEL,HUMIDITY,WIND_DIRECTION,RECORD_ID) values (to_date('11-APR-19','DD-MON-RR'),10,9,9,1,'4','Unknown','NorthWest',540);
Insert into STUDENT123.DAILY_WEATHER (DATE_TIME,CITY_ID,TIME,TEMPERATURE,STATUS_ID,WIND_LEVEL,HUMIDITY,WIND_DIRECTION,RECORD_ID) values (to_date('11-APR-19','DD-MON-RR'),10,15,11,1,'4','Unknown','NorthWest',542);
Insert into STUDENT123.DAILY_WEATHER (DATE_TIME,CITY_ID,TIME,TEMPERATURE,STATUS_ID,WIND_LEVEL,HUMIDITY,WIND_DIRECTION,RECORD_ID) values (to_date('11-APR-19','DD-MON-RR'),10,21,8,1,'4','Unknown','NorthWest',544);
Insert into STUDENT123.DAILY_WEATHER (DATE_TIME,CITY_ID,TIME,TEMPERATURE,STATUS_ID,WIND_LEVEL,HUMIDITY,WIND_DIRECTION,RECORD_ID) values (to_date('12-APR-19','DD-MON-RR'),10,6,7,4,'3','Unknown','NorthEast',547);
Insert into STUDENT123.DAILY_WEATHER (DATE_TIME,CITY_ID,TIME,TEMPERATURE,STATUS_ID,WIND_LEVEL,HUMIDITY,WIND_DIRECTION,RECORD_ID) values (to_date('12-APR-19','DD-MON-RR'),10,12,12,4,'3','Unknown','NorthEast',549);
Insert into STUDENT123.DAILY_WEATHER (DATE_TIME,CITY_ID,TIME,TEMPERATURE,STATUS_ID,WIND_LEVEL,HUMIDITY,WIND_DIRECTION,RECORD_ID) values (to_date('12-APR-19','DD-MON-RR'),10,18,13,4,'3','Unknown','NorthEast',551);
Insert into STUDENT123.DAILY_WEATHER (DATE_TIME,CITY_ID,TIME,TEMPERATURE,STATUS_ID,WIND_LEVEL,HUMIDITY,WIND_DIRECTION,RECORD_ID) values (to_date('13-APR-19','DD-MON-RR'),10,0,6,2,'3','Unknown','North',553);
Insert into STUDENT123.DAILY_WEATHER (DATE_TIME,CITY_ID,TIME,TEMPERATURE,STATUS_ID,WIND_LEVEL,HUMIDITY,WIND_DIRECTION,RECORD_ID) values (to_date('13-APR-19','DD-MON-RR'),10,9,14,2,'3','Unknown','North',556);
Insert into STUDENT123.DAILY_WEATHER (DATE_TIME,CITY_ID,TIME,TEMPERATURE,STATUS_ID,WIND_LEVEL,HUMIDITY,WIND_DIRECTION,RECORD_ID) values (to_date('13-APR-19','DD-MON-RR'),10,15,16,4,'3','Unknown','East',558);
Insert into STUDENT123.DAILY_WEATHER (DATE_TIME,CITY_ID,TIME,TEMPERATURE,STATUS_ID,WIND_LEVEL,HUMIDITY,WIND_DIRECTION,RECORD_ID) values (to_date('07-APR-19','DD-MON-RR'),11,0,10,4,'3','Unknown',null,561);
Insert into STUDENT123.DAILY_WEATHER (DATE_TIME,CITY_ID,TIME,TEMPERATURE,STATUS_ID,WIND_LEVEL,HUMIDITY,WIND_DIRECTION,RECORD_ID) values (to_date('08-APR-19','DD-MON-RR'),11,3,10,1,'2','Unknown',null,570);
Insert into STUDENT123.DAILY_WEATHER (DATE_TIME,CITY_ID,TIME,TEMPERATURE,STATUS_ID,WIND_LEVEL,HUMIDITY,WIND_DIRECTION,RECORD_ID) values (to_date('09-APR-19','DD-MON-RR'),11,9,12,2,'3','Unknown',null,580);
Insert into STUDENT123.DAILY_WEATHER (DATE_TIME,CITY_ID,TIME,TEMPERATURE,STATUS_ID,WIND_LEVEL,HUMIDITY,WIND_DIRECTION,RECORD_ID) values (to_date('10-APR-19','DD-MON-RR'),11,12,12,4,'4','Unknown',null,589);
Insert into STUDENT123.DAILY_WEATHER (DATE_TIME,CITY_ID,TIME,TEMPERATURE,STATUS_ID,WIND_LEVEL,HUMIDITY,WIND_DIRECTION,RECORD_ID) values (to_date('11-APR-19','DD-MON-RR'),11,18,13,6,'4','Unknown',null,599);
Insert into STUDENT123.DAILY_WEATHER (DATE_TIME,CITY_ID,TIME,TEMPERATURE,STATUS_ID,WIND_LEVEL,HUMIDITY,WIND_DIRECTION,RECORD_ID) values (to_date('12-APR-19','DD-MON-RR'),11,21,7,1,'3','Unknown',null,608);
Insert into STUDENT123.DAILY_WEATHER (DATE_TIME,CITY_ID,TIME,TEMPERATURE,STATUS_ID,WIND_LEVEL,HUMIDITY,WIND_DIRECTION,RECORD_ID) values (to_date('07-APR-19','DD-MON-RR'),12,0,4,2,'2','Unknown','Northwest',617);
Insert into STUDENT123.DAILY_WEATHER (DATE_TIME,CITY_ID,TIME,TEMPERATURE,STATUS_ID,WIND_LEVEL,HUMIDITY,WIND_DIRECTION,RECORD_ID) values (to_date('07-APR-19','DD-MON-RR'),12,6,8,2,'2','Unknown','Northwest',619);
Insert into STUDENT123.DAILY_WEATHER (DATE_TIME,CITY_ID,TIME,TEMPERATURE,STATUS_ID,WIND_LEVEL,HUMIDITY,WIND_DIRECTION,RECORD_ID) values (to_date('07-APR-19','DD-MON-RR'),12,12,18,2,'2','Unknown','Northwest',621);
Insert into STUDENT123.DAILY_WEATHER (DATE_TIME,CITY_ID,TIME,TEMPERATURE,STATUS_ID,WIND_LEVEL,HUMIDITY,WIND_DIRECTION,RECORD_ID) values (to_date('07-APR-19','DD-MON-RR'),12,18,11,2,'2','Unknown','Northwest',623);
Insert into STUDENT123.DAILY_WEATHER (DATE_TIME,CITY_ID,TIME,TEMPERATURE,STATUS_ID,WIND_LEVEL,HUMIDITY,WIND_DIRECTION,RECORD_ID) values (to_date('08-APR-19','DD-MON-RR'),12,0,6,2,'3','Unknown','Southeast',625);
Insert into STUDENT123.DAILY_WEATHER (DATE_TIME,CITY_ID,TIME,TEMPERATURE,STATUS_ID,WIND_LEVEL,HUMIDITY,WIND_DIRECTION,RECORD_ID) values (to_date('08-APR-19','DD-MON-RR'),12,9,13,2,'3','Unknown','Southeast',628);
Insert into STUDENT123.DAILY_WEATHER (DATE_TIME,CITY_ID,TIME,TEMPERATURE,STATUS_ID,WIND_LEVEL,HUMIDITY,WIND_DIRECTION,RECORD_ID) values (to_date('08-APR-19','DD-MON-RR'),12,15,15,2,'3','Unknown','Southeast',630);
Insert into STUDENT123.DAILY_WEATHER (DATE_TIME,CITY_ID,TIME,TEMPERATURE,STATUS_ID,WIND_LEVEL,HUMIDITY,WIND_DIRECTION,RECORD_ID) values (to_date('08-APR-19','DD-MON-RR'),12,21,10,2,'3','Unknown','Southeast',632);
Insert into STUDENT123.DAILY_WEATHER (DATE_TIME,CITY_ID,TIME,TEMPERATURE,STATUS_ID,WIND_LEVEL,HUMIDITY,WIND_DIRECTION,RECORD_ID) values (to_date('09-APR-19','DD-MON-RR'),12,3,8,4,'2','Unknown','Southwest',634);
Insert into STUDENT123.DAILY_WEATHER (DATE_TIME,CITY_ID,TIME,TEMPERATURE,STATUS_ID,WIND_LEVEL,HUMIDITY,WIND_DIRECTION,RECORD_ID) values (to_date('09-APR-19','DD-MON-RR'),12,9,17,4,'2','Unknown','Southwest',636);
Insert into STUDENT123.DAILY_WEATHER (DATE_TIME,CITY_ID,TIME,TEMPERATURE,STATUS_ID,WIND_LEVEL,HUMIDITY,WIND_DIRECTION,RECORD_ID) values (to_date('09-APR-19','DD-MON-RR'),12,18,17,4,'2','Unknown','Southwest',639);
Insert into STUDENT123.DAILY_WEATHER (DATE_TIME,CITY_ID,TIME,TEMPERATURE,STATUS_ID,WIND_LEVEL,HUMIDITY,WIND_DIRECTION,RECORD_ID) values (to_date('10-APR-19','DD-MON-RR'),12,0,10,4,'3','Unknown','Northwest',641);
Insert into STUDENT123.DAILY_WEATHER (DATE_TIME,CITY_ID,TIME,TEMPERATURE,STATUS_ID,WIND_LEVEL,HUMIDITY,WIND_DIRECTION,RECORD_ID) values (to_date('10-APR-19','DD-MON-RR'),12,6,7,4,'3','Unknown','Northwest',643);
Insert into STUDENT123.DAILY_WEATHER (DATE_TIME,CITY_ID,TIME,TEMPERATURE,STATUS_ID,WIND_LEVEL,HUMIDITY,WIND_DIRECTION,RECORD_ID) values (to_date('10-APR-19','DD-MON-RR'),12,12,12,4,'3','Unknown','Northwest',645);
Insert into STUDENT123.DAILY_WEATHER (DATE_TIME,CITY_ID,TIME,TEMPERATURE,STATUS_ID,WIND_LEVEL,HUMIDITY,WIND_DIRECTION,RECORD_ID) values (to_date('10-APR-19','DD-MON-RR'),12,18,11,4,'3','Unknown','Northwest',647);
Insert into STUDENT123.DAILY_WEATHER (DATE_TIME,CITY_ID,TIME,TEMPERATURE,STATUS_ID,WIND_LEVEL,HUMIDITY,WIND_DIRECTION,RECORD_ID) values (to_date('11-APR-19','DD-MON-RR'),12,3,7,4,'3','Unknown','Northwest',650);
Insert into STUDENT123.DAILY_WEATHER (DATE_TIME,CITY_ID,TIME,TEMPERATURE,STATUS_ID,WIND_LEVEL,HUMIDITY,WIND_DIRECTION,RECORD_ID) values (to_date('11-APR-19','DD-MON-RR'),12,9,11,4,'3','Unknown','Northwest',652);
Insert into STUDENT123.DAILY_WEATHER (DATE_TIME,CITY_ID,TIME,TEMPERATURE,STATUS_ID,WIND_LEVEL,HUMIDITY,WIND_DIRECTION,RECORD_ID) values (to_date('11-APR-19','DD-MON-RR'),12,15,11,4,'3','Unknown','Northwest',654);
Insert into STUDENT123.DAILY_WEATHER (DATE_TIME,CITY_ID,TIME,TEMPERATURE,STATUS_ID,WIND_LEVEL,HUMIDITY,WIND_DIRECTION,RECORD_ID) values (to_date('11-APR-19','DD-MON-RR'),12,21,5,4,'3','Unknown','Northwest',656);
Insert into STUDENT123.DAILY_WEATHER (DATE_TIME,CITY_ID,TIME,TEMPERATURE,STATUS_ID,WIND_LEVEL,HUMIDITY,WIND_DIRECTION,RECORD_ID) values (to_date('12-APR-19','DD-MON-RR'),12,6,10,4,'3','Unknown','Southeast',659);
Insert into STUDENT123.DAILY_WEATHER (DATE_TIME,CITY_ID,TIME,TEMPERATURE,STATUS_ID,WIND_LEVEL,HUMIDITY,WIND_DIRECTION,RECORD_ID) values (to_date('12-APR-19','DD-MON-RR'),12,15,9,4,'3','Unknown','Southeast',662);
Insert into STUDENT123.DAILY_WEATHER (DATE_TIME,CITY_ID,TIME,TEMPERATURE,STATUS_ID,WIND_LEVEL,HUMIDITY,WIND_DIRECTION,RECORD_ID) values (to_date('13-APR-19','DD-MON-RR'),12,0,8,6,'4','Unknown','Southwest',665);
Insert into STUDENT123.DAILY_WEATHER (DATE_TIME,CITY_ID,TIME,TEMPERATURE,STATUS_ID,WIND_LEVEL,HUMIDITY,WIND_DIRECTION,RECORD_ID) values (to_date('13-APR-19','DD-MON-RR'),12,6,9,6,'4','Unknown','Southwest',667);
Insert into STUDENT123.DAILY_WEATHER (DATE_TIME,CITY_ID,TIME,TEMPERATURE,STATUS_ID,WIND_LEVEL,HUMIDITY,WIND_DIRECTION,RECORD_ID) values (to_date('13-APR-19','DD-MON-RR'),12,15,15,6,'4','Unknown','Southwest',670);
Insert into STUDENT123.DAILY_WEATHER (DATE_TIME,CITY_ID,TIME,TEMPERATURE,STATUS_ID,WIND_LEVEL,HUMIDITY,WIND_DIRECTION,RECORD_ID) values (to_date('07-APR-19','DD-MON-RR'),13,3,8,1,'1~2','Unknown','south',674);
Insert into STUDENT123.DAILY_WEATHER (DATE_TIME,CITY_ID,TIME,TEMPERATURE,STATUS_ID,WIND_LEVEL,HUMIDITY,WIND_DIRECTION,RECORD_ID) values (to_date('07-APR-19','DD-MON-RR'),13,9,10,1,'1~2','Unknown','south',676);
Insert into STUDENT123.DAILY_WEATHER (DATE_TIME,CITY_ID,TIME,TEMPERATURE,STATUS_ID,WIND_LEVEL,HUMIDITY,WIND_DIRECTION,RECORD_ID) values (to_date('07-APR-19','DD-MON-RR'),13,18,16,4,'1~2','Unknown','south',679);
Insert into STUDENT123.DAILY_WEATHER (DATE_TIME,CITY_ID,TIME,TEMPERATURE,STATUS_ID,WIND_LEVEL,HUMIDITY,WIND_DIRECTION,RECORD_ID) values (to_date('08-APR-19','DD-MON-RR'),13,6,7,4,'1~2','Unknown','south',683);
Insert into STUDENT123.DAILY_WEATHER (DATE_TIME,CITY_ID,TIME,TEMPERATURE,STATUS_ID,WIND_LEVEL,HUMIDITY,WIND_DIRECTION,RECORD_ID) values (to_date('08-APR-19','DD-MON-RR'),13,15,17,4,'3~4','Unknown','south',686);
Insert into STUDENT123.DAILY_WEATHER (DATE_TIME,CITY_ID,TIME,TEMPERATURE,STATUS_ID,WIND_LEVEL,HUMIDITY,WIND_DIRECTION,RECORD_ID) values (to_date('09-APR-19','DD-MON-RR'),13,0,8,2,'3~4','Unknown','south',689);
Insert into STUDENT123.DAILY_WEATHER (DATE_TIME,CITY_ID,TIME,TEMPERATURE,STATUS_ID,WIND_LEVEL,HUMIDITY,WIND_DIRECTION,RECORD_ID) values (to_date('09-APR-19','DD-MON-RR'),13,9,6,4,'3~4','Unknown','north',692);
Insert into STUDENT123.DAILY_WEATHER (DATE_TIME,CITY_ID,TIME,TEMPERATURE,STATUS_ID,WIND_LEVEL,HUMIDITY,WIND_DIRECTION,RECORD_ID) values (to_date('09-APR-19','DD-MON-RR'),13,18,8,4,'3~4','Unknown','north',695);
Insert into STUDENT123.DAILY_WEATHER (DATE_TIME,CITY_ID,TIME,TEMPERATURE,STATUS_ID,WIND_LEVEL,HUMIDITY,WIND_DIRECTION,RECORD_ID) values (to_date('10-APR-19','DD-MON-RR'),13,3,3,4,'3~4','Unknown','north',698);
Insert into STUDENT123.DAILY_WEATHER (DATE_TIME,CITY_ID,TIME,TEMPERATURE,STATUS_ID,WIND_LEVEL,HUMIDITY,WIND_DIRECTION,RECORD_ID) values (to_date('10-APR-19','DD-MON-RR'),13,12,14,4,'3~4','Unknown','north',701);
Insert into STUDENT123.DAILY_WEATHER (DATE_TIME,CITY_ID,TIME,TEMPERATURE,STATUS_ID,WIND_LEVEL,HUMIDITY,WIND_DIRECTION,RECORD_ID) values (to_date('11-APR-19','DD-MON-RR'),13,0,8,4,'1~2','Unknown','south',705);
Insert into STUDENT123.DAILY_WEATHER (DATE_TIME,CITY_ID,TIME,TEMPERATURE,STATUS_ID,WIND_LEVEL,HUMIDITY,WIND_DIRECTION,RECORD_ID) values (to_date('11-APR-19','DD-MON-RR'),13,9,8,4,'1~2','Unknown','south',708);
Insert into STUDENT123.DAILY_WEATHER (DATE_TIME,CITY_ID,TIME,TEMPERATURE,STATUS_ID,WIND_LEVEL,HUMIDITY,WIND_DIRECTION,RECORD_ID) values (to_date('11-APR-19','DD-MON-RR'),13,15,19,4,'1~2','Unknown','south',710);
Insert into STUDENT123.DAILY_WEATHER (DATE_TIME,CITY_ID,TIME,TEMPERATURE,STATUS_ID,WIND_LEVEL,HUMIDITY,WIND_DIRECTION,RECORD_ID) values (to_date('12-APR-19','DD-MON-RR'),13,3,5,4,'3','Unknown','SouthWest',714);
Insert into STUDENT123.DAILY_WEATHER (DATE_TIME,CITY_ID,TIME,TEMPERATURE,STATUS_ID,WIND_LEVEL,HUMIDITY,WIND_DIRECTION,RECORD_ID) values (to_date('12-APR-19','DD-MON-RR'),13,12,16,4,'3','Unknown','SouthWest',717);
Insert into STUDENT123.DAILY_WEATHER (DATE_TIME,CITY_ID,TIME,TEMPERATURE,STATUS_ID,WIND_LEVEL,HUMIDITY,WIND_DIRECTION,RECORD_ID) values (to_date('12-APR-19','DD-MON-RR'),13,18,19,4,'4','Unknown','SouthWest',719);
Insert into STUDENT123.DAILY_WEATHER (DATE_TIME,CITY_ID,TIME,TEMPERATURE,STATUS_ID,WIND_LEVEL,HUMIDITY,WIND_DIRECTION,RECORD_ID) values (to_date('13-APR-19','DD-MON-RR'),13,6,10,4,'3','Unknown','south',723);
Insert into STUDENT123.DAILY_WEATHER (DATE_TIME,CITY_ID,TIME,TEMPERATURE,STATUS_ID,WIND_LEVEL,HUMIDITY,WIND_DIRECTION,RECORD_ID) values (to_date('13-APR-19','DD-MON-RR'),13,18,16,4,'4','Unknown','north',727);
Insert into STUDENT123.DAILY_WEATHER (DATE_TIME,CITY_ID,TIME,TEMPERATURE,STATUS_ID,WIND_LEVEL,HUMIDITY,WIND_DIRECTION,RECORD_ID) values (to_date('07-APR-19','DD-MON-RR'),14,3,10,1,'2','Unknown','NorthEast',730);
Insert into STUDENT123.DAILY_WEATHER (DATE_TIME,CITY_ID,TIME,TEMPERATURE,STATUS_ID,WIND_LEVEL,HUMIDITY,WIND_DIRECTION,RECORD_ID) values (to_date('07-APR-19','DD-MON-RR'),14,9,15,1,'2','Unknown','NorthEast',732);
Insert into STUDENT123.DAILY_WEATHER (DATE_TIME,CITY_ID,TIME,TEMPERATURE,STATUS_ID,WIND_LEVEL,HUMIDITY,WIND_DIRECTION,RECORD_ID) values (to_date('07-APR-19','DD-MON-RR'),14,21,14,2,'2','Unknown','NorthEast',736);
Insert into STUDENT123.DAILY_WEATHER (DATE_TIME,CITY_ID,TIME,TEMPERATURE,STATUS_ID,WIND_LEVEL,HUMIDITY,WIND_DIRECTION,RECORD_ID) values (to_date('08-APR-19','DD-MON-RR'),14,6,10,2,'3','Unknown','NorthEast',739);
Insert into STUDENT123.DAILY_WEATHER (DATE_TIME,CITY_ID,TIME,TEMPERATURE,STATUS_ID,WIND_LEVEL,HUMIDITY,WIND_DIRECTION,RECORD_ID) values (to_date('08-APR-19','DD-MON-RR'),14,12,15,2,'3','Unknown','NorthEast',741);
Insert into STUDENT123.DAILY_WEATHER (DATE_TIME,CITY_ID,TIME,TEMPERATURE,STATUS_ID,WIND_LEVEL,HUMIDITY,WIND_DIRECTION,RECORD_ID) values (to_date('08-APR-19','DD-MON-RR'),14,21,10,2,'3','Unknown','NorthEast',744);
Insert into STUDENT123.DAILY_WEATHER (DATE_TIME,CITY_ID,TIME,TEMPERATURE,STATUS_ID,WIND_LEVEL,HUMIDITY,WIND_DIRECTION,RECORD_ID) values (to_date('09-APR-19','DD-MON-RR'),14,3,8,4,'4','Unknown','NorthWest',746);
Insert into STUDENT123.DAILY_WEATHER (DATE_TIME,CITY_ID,TIME,TEMPERATURE,STATUS_ID,WIND_LEVEL,HUMIDITY,WIND_DIRECTION,RECORD_ID) values (to_date('07-APR-19','DD-MON-RR'),3,3,10,4,'3','Unknown',null,114);
Insert into STUDENT123.DAILY_WEATHER (DATE_TIME,CITY_ID,TIME,TEMPERATURE,STATUS_ID,WIND_LEVEL,HUMIDITY,WIND_DIRECTION,RECORD_ID) values (to_date('08-APR-19','DD-MON-RR'),3,0,10,4,'2','Unknown',null,121);
Insert into STUDENT123.DAILY_WEATHER (DATE_TIME,CITY_ID,TIME,TEMPERATURE,STATUS_ID,WIND_LEVEL,HUMIDITY,WIND_DIRECTION,RECORD_ID) values (to_date('08-APR-19','DD-MON-RR'),3,21,11,2,'3','Unknown',null,128);
Insert into STUDENT123.DAILY_WEATHER (DATE_TIME,CITY_ID,TIME,TEMPERATURE,STATUS_ID,WIND_LEVEL,HUMIDITY,WIND_DIRECTION,RECORD_ID) values (to_date('09-APR-19','DD-MON-RR'),3,0,10,2,'3','Unknown',null,129);
Insert into STUDENT123.DAILY_WEATHER (DATE_TIME,CITY_ID,TIME,TEMPERATURE,STATUS_ID,WIND_LEVEL,HUMIDITY,WIND_DIRECTION,RECORD_ID) values (to_date('10-APR-19','DD-MON-RR'),3,15,15,2,'3','Unknown',null,142);
Insert into STUDENT123.DAILY_WEATHER (DATE_TIME,CITY_ID,TIME,TEMPERATURE,STATUS_ID,WIND_LEVEL,HUMIDITY,WIND_DIRECTION,RECORD_ID) values (to_date('12-APR-19','DD-MON-RR'),3,3,7,1,'4','Unknown',null,154);
Insert into STUDENT123.DAILY_WEATHER (DATE_TIME,CITY_ID,TIME,TEMPERATURE,STATUS_ID,WIND_LEVEL,HUMIDITY,WIND_DIRECTION,RECORD_ID) values (to_date('12-APR-19','DD-MON-RR'),3,6,5,1,'4','Unknown',null,155);
Insert into STUDENT123.DAILY_WEATHER (DATE_TIME,CITY_ID,TIME,TEMPERATURE,STATUS_ID,WIND_LEVEL,HUMIDITY,WIND_DIRECTION,RECORD_ID) values (to_date('13-APR-19','DD-MON-RR'),3,15,14,4,'3','Unknown',null,166);
Insert into STUDENT123.DAILY_WEATHER (DATE_TIME,CITY_ID,TIME,TEMPERATURE,STATUS_ID,WIND_LEVEL,HUMIDITY,WIND_DIRECTION,RECORD_ID) values (to_date('08-APR-19','DD-MON-RR'),7,9,12,1,'2','Unknown',null,348);
Insert into STUDENT123.DAILY_WEATHER (DATE_TIME,CITY_ID,TIME,TEMPERATURE,STATUS_ID,WIND_LEVEL,HUMIDITY,WIND_DIRECTION,RECORD_ID) values (to_date('09-APR-19','DD-MON-RR'),7,12,11,2,'3','Unknown',null,357);
Insert into STUDENT123.DAILY_WEATHER (DATE_TIME,CITY_ID,TIME,TEMPERATURE,STATUS_ID,WIND_LEVEL,HUMIDITY,WIND_DIRECTION,RECORD_ID) values (to_date('10-APR-19','DD-MON-RR'),7,12,12,4,'4','Unknown',null,365);
Insert into STUDENT123.DAILY_WEATHER (DATE_TIME,CITY_ID,TIME,TEMPERATURE,STATUS_ID,WIND_LEVEL,HUMIDITY,WIND_DIRECTION,RECORD_ID) values (to_date('10-APR-19','DD-MON-RR'),7,21,9,2,'3','Unknown',null,368);
Insert into STUDENT123.DAILY_WEATHER (DATE_TIME,CITY_ID,TIME,TEMPERATURE,STATUS_ID,WIND_LEVEL,HUMIDITY,WIND_DIRECTION,RECORD_ID) values (to_date('11-APR-19','DD-MON-RR'),7,12,13,6,'3','Unknown',null,373);
Insert into STUDENT123.DAILY_WEATHER (DATE_TIME,CITY_ID,TIME,TEMPERATURE,STATUS_ID,WIND_LEVEL,HUMIDITY,WIND_DIRECTION,RECORD_ID) values (to_date('12-APR-19','DD-MON-RR'),7,15,14,1,'3','Unknown',null,382);
Insert into STUDENT123.DAILY_WEATHER (DATE_TIME,CITY_ID,TIME,TEMPERATURE,STATUS_ID,WIND_LEVEL,HUMIDITY,WIND_DIRECTION,RECORD_ID) values (to_date('13-APR-19','DD-MON-RR'),7,15,14,4,'3','Unknown',null,390);
Insert into STUDENT123.DAILY_WEATHER (DATE_TIME,CITY_ID,TIME,TEMPERATURE,STATUS_ID,WIND_LEVEL,HUMIDITY,WIND_DIRECTION,RECORD_ID) values (to_date('08-APR-19','DD-MON-RR'),11,9,12,1,'2','Unknown',null,572);
Insert into STUDENT123.DAILY_WEATHER (DATE_TIME,CITY_ID,TIME,TEMPERATURE,STATUS_ID,WIND_LEVEL,HUMIDITY,WIND_DIRECTION,RECORD_ID) values (to_date('09-APR-19','DD-MON-RR'),11,12,11,2,'3','Unknown',null,581);
Insert into STUDENT123.DAILY_WEATHER (DATE_TIME,CITY_ID,TIME,TEMPERATURE,STATUS_ID,WIND_LEVEL,HUMIDITY,WIND_DIRECTION,RECORD_ID) values (to_date('10-APR-19','DD-MON-RR'),11,9,7,4,'4','Unknown',null,588);
Insert into STUDENT123.DAILY_WEATHER (DATE_TIME,CITY_ID,TIME,TEMPERATURE,STATUS_ID,WIND_LEVEL,HUMIDITY,WIND_DIRECTION,RECORD_ID) values (to_date('11-APR-19','DD-MON-RR'),11,9,10,6,'3','Unknown',null,596);
Insert into STUDENT123.DAILY_WEATHER (DATE_TIME,CITY_ID,TIME,TEMPERATURE,STATUS_ID,WIND_LEVEL,HUMIDITY,WIND_DIRECTION,RECORD_ID) values (to_date('12-APR-19','DD-MON-RR'),11,12,12,1,'4','Unknown',null,605);
Insert into STUDENT123.DAILY_WEATHER (DATE_TIME,CITY_ID,TIME,TEMPERATURE,STATUS_ID,WIND_LEVEL,HUMIDITY,WIND_DIRECTION,RECORD_ID) values (to_date('13-APR-19','DD-MON-RR'),11,12,16,4,'3','Unknown',null,613);
Insert into STUDENT123.DAILY_WEATHER (DATE_TIME,CITY_ID,TIME,TEMPERATURE,STATUS_ID,WIND_LEVEL,HUMIDITY,WIND_DIRECTION,RECORD_ID) values (to_date('08-APR-19','DD-MON-RR'),15,3,10,1,'2','Unknown','NorthEast',794);
Insert into STUDENT123.DAILY_WEATHER (DATE_TIME,CITY_ID,TIME,TEMPERATURE,STATUS_ID,WIND_LEVEL,HUMIDITY,WIND_DIRECTION,RECORD_ID) values (to_date('09-APR-19','DD-MON-RR'),15,0,10,2,'3','Unknown','NorthWest',801);
Insert into STUDENT123.DAILY_WEATHER (DATE_TIME,CITY_ID,TIME,TEMPERATURE,STATUS_ID,WIND_LEVEL,HUMIDITY,WIND_DIRECTION,RECORD_ID) values (to_date('09-APR-19','DD-MON-RR'),15,21,6,2,'4','Unknown','NorthWest',808);
Insert into STUDENT123.DAILY_WEATHER (DATE_TIME,CITY_ID,TIME,TEMPERATURE,STATUS_ID,WIND_LEVEL,HUMIDITY,WIND_DIRECTION,RECORD_ID) values (to_date('10-APR-19','DD-MON-RR'),15,18,13,2,'3','Unknown','NorthEast',815);
Insert into STUDENT123.DAILY_WEATHER (DATE_TIME,CITY_ID,TIME,TEMPERATURE,STATUS_ID,WIND_LEVEL,HUMIDITY,WIND_DIRECTION,RECORD_ID) values (to_date('11-APR-19','DD-MON-RR'),15,18,13,6,'4','Unknown','NorthWest',823);
Insert into STUDENT123.DAILY_WEATHER (DATE_TIME,CITY_ID,TIME,TEMPERATURE,STATUS_ID,WIND_LEVEL,HUMIDITY,WIND_DIRECTION,RECORD_ID) values (to_date('12-APR-19','DD-MON-RR'),15,15,14,1,'3','Unknown','NorthEast',830);
Insert into STUDENT123.DAILY_WEATHER (DATE_TIME,CITY_ID,TIME,TEMPERATURE,STATUS_ID,WIND_LEVEL,HUMIDITY,WIND_DIRECTION,RECORD_ID) values (to_date('13-APR-19','DD-MON-RR'),15,12,16,4,'3','Unknown','NorthEast',837);
Insert into STUDENT123.DAILY_WEATHER (DATE_TIME,CITY_ID,TIME,TEMPERATURE,STATUS_ID,WIND_LEVEL,HUMIDITY,WIND_DIRECTION,RECORD_ID) values (to_date('07-APR-19','DD-MON-RR'),1,9,10,1,'1~2','Unknown','south',4);
Insert into STUDENT123.DAILY_WEATHER (DATE_TIME,CITY_ID,TIME,TEMPERATURE,STATUS_ID,WIND_LEVEL,HUMIDITY,WIND_DIRECTION,RECORD_ID) values (to_date('08-APR-19','DD-MON-RR'),1,0,8,4,'1~2','Unknown','south',9);
Insert into STUDENT123.DAILY_WEATHER (DATE_TIME,CITY_ID,TIME,TEMPERATURE,STATUS_ID,WIND_LEVEL,HUMIDITY,WIND_DIRECTION,RECORD_ID) values (to_date('08-APR-19','DD-MON-RR'),1,12,17,4,'3~4','Unknown','south',13);
Insert into STUDENT123.DAILY_WEATHER (DATE_TIME,CITY_ID,TIME,TEMPERATURE,STATUS_ID,WIND_LEVEL,HUMIDITY,WIND_DIRECTION,RECORD_ID) values (to_date('09-APR-19','DD-MON-RR'),1,3,5,2,'3~4','Unknown','south',18);
Insert into STUDENT123.DAILY_WEATHER (DATE_TIME,CITY_ID,TIME,TEMPERATURE,STATUS_ID,WIND_LEVEL,HUMIDITY,WIND_DIRECTION,RECORD_ID) values (to_date('09-APR-19','DD-MON-RR'),1,18,8,4,'3~4','Unknown','north',23);
Insert into STUDENT123.DAILY_WEATHER (DATE_TIME,CITY_ID,TIME,TEMPERATURE,STATUS_ID,WIND_LEVEL,HUMIDITY,WIND_DIRECTION,RECORD_ID) values (to_date('10-APR-19','DD-MON-RR'),1,9,5,4,'3~4','Unknown','north',28);
Insert into STUDENT123.DAILY_WEATHER (DATE_TIME,CITY_ID,TIME,TEMPERATURE,STATUS_ID,WIND_LEVEL,HUMIDITY,WIND_DIRECTION,RECORD_ID) values (to_date('11-APR-19','DD-MON-RR'),1,0,8,4,'1~2','Unknown','south',33);
Insert into STUDENT123.DAILY_WEATHER (DATE_TIME,CITY_ID,TIME,TEMPERATURE,STATUS_ID,WIND_LEVEL,HUMIDITY,WIND_DIRECTION,RECORD_ID) values (to_date('11-APR-19','DD-MON-RR'),1,15,19,4,'1~2','Unknown','south',38);
Insert into STUDENT123.DAILY_WEATHER (DATE_TIME,CITY_ID,TIME,TEMPERATURE,STATUS_ID,WIND_LEVEL,HUMIDITY,WIND_DIRECTION,RECORD_ID) values (to_date('12-APR-19','DD-MON-RR'),1,6,5,4,'3','Unknown','SouthWest',43);
Insert into STUDENT123.DAILY_WEATHER (DATE_TIME,CITY_ID,TIME,TEMPERATURE,STATUS_ID,WIND_LEVEL,HUMIDITY,WIND_DIRECTION,RECORD_ID) values (to_date('13-APR-19','DD-MON-RR'),1,0,11,4,'3','Unknown','south',49);
Insert into STUDENT123.DAILY_WEATHER (DATE_TIME,CITY_ID,TIME,TEMPERATURE,STATUS_ID,WIND_LEVEL,HUMIDITY,WIND_DIRECTION,RECORD_ID) values (to_date('13-APR-19','DD-MON-RR'),1,12,18,4,'3','Unknown','north',53);
Insert into STUDENT123.DAILY_WEATHER (DATE_TIME,CITY_ID,TIME,TEMPERATURE,STATUS_ID,WIND_LEVEL,HUMIDITY,WIND_DIRECTION,RECORD_ID) values (to_date('07-APR-19','DD-MON-RR'),2,3,10,1,'2','Unknown','NorthEast',58);
Insert into STUDENT123.DAILY_WEATHER (DATE_TIME,CITY_ID,TIME,TEMPERATURE,STATUS_ID,WIND_LEVEL,HUMIDITY,WIND_DIRECTION,RECORD_ID) values (to_date('07-APR-19','DD-MON-RR'),2,18,17,2,'2','Unknown','NorthEast',63);
Insert into STUDENT123.DAILY_WEATHER (DATE_TIME,CITY_ID,TIME,TEMPERATURE,STATUS_ID,WIND_LEVEL,HUMIDITY,WIND_DIRECTION,RECORD_ID) values (to_date('08-APR-19','DD-MON-RR'),2,9,12,2,'3','Unknown','NorthEast',68);
Insert into STUDENT123.DAILY_WEATHER (DATE_TIME,CITY_ID,TIME,TEMPERATURE,STATUS_ID,WIND_LEVEL,HUMIDITY,WIND_DIRECTION,RECORD_ID) values (to_date('09-APR-19','DD-MON-RR'),2,3,8,4,'4','Unknown','NorthWest',74);
Insert into STUDENT123.DAILY_WEATHER (DATE_TIME,CITY_ID,TIME,TEMPERATURE,STATUS_ID,WIND_LEVEL,HUMIDITY,WIND_DIRECTION,RECORD_ID) values (to_date('09-APR-19','DD-MON-RR'),2,18,12,2,'4','Unknown','NorthWest',79);
Insert into STUDENT123.DAILY_WEATHER (DATE_TIME,CITY_ID,TIME,TEMPERATURE,STATUS_ID,WIND_LEVEL,HUMIDITY,WIND_DIRECTION,RECORD_ID) values (to_date('10-APR-19','DD-MON-RR'),2,9,8,6,'3','Unknown','NorthEast',84);
Insert into STUDENT123.DAILY_WEATHER (DATE_TIME,CITY_ID,TIME,TEMPERATURE,STATUS_ID,WIND_LEVEL,HUMIDITY,WIND_DIRECTION,RECORD_ID) values (to_date('11-APR-19','DD-MON-RR'),2,3,7,1,'4','Unknown','NorthWest',90);
Insert into STUDENT123.DAILY_WEATHER (DATE_TIME,CITY_ID,TIME,TEMPERATURE,STATUS_ID,WIND_LEVEL,HUMIDITY,WIND_DIRECTION,RECORD_ID) values (to_date('11-APR-19','DD-MON-RR'),2,18,9,1,'4','Unknown','NorthWest',95);
Insert into STUDENT123.DAILY_WEATHER (DATE_TIME,CITY_ID,TIME,TEMPERATURE,STATUS_ID,WIND_LEVEL,HUMIDITY,WIND_DIRECTION,RECORD_ID) values (to_date('12-APR-19','DD-MON-RR'),2,9,9,4,'3','Unknown','NorthEast',100);
Insert into STUDENT123.DAILY_WEATHER (DATE_TIME,CITY_ID,TIME,TEMPERATURE,STATUS_ID,WIND_LEVEL,HUMIDITY,WIND_DIRECTION,RECORD_ID) values (to_date('13-APR-19','DD-MON-RR'),2,0,6,2,'3','Unknown','North',105);
Insert into STUDENT123.DAILY_WEATHER (DATE_TIME,CITY_ID,TIME,TEMPERATURE,STATUS_ID,WIND_LEVEL,HUMIDITY,WIND_DIRECTION,RECORD_ID) values (to_date('13-APR-19','DD-MON-RR'),2,15,16,4,'3','Unknown','East',110);
Insert into STUDENT123.DAILY_WEATHER (DATE_TIME,CITY_ID,TIME,TEMPERATURE,STATUS_ID,WIND_LEVEL,HUMIDITY,WIND_DIRECTION,RECORD_ID) values (to_date('07-APR-19','DD-MON-RR'),3,9,9,4,'4','Unknown',null,116);
Insert into STUDENT123.DAILY_WEATHER (DATE_TIME,CITY_ID,TIME,TEMPERATURE,STATUS_ID,WIND_LEVEL,HUMIDITY,WIND_DIRECTION,RECORD_ID) values (to_date('07-APR-19','DD-MON-RR'),3,21,12,4,'2','Unknown',null,120);
Insert into STUDENT123.DAILY_WEATHER (DATE_TIME,CITY_ID,TIME,TEMPERATURE,STATUS_ID,WIND_LEVEL,HUMIDITY,WIND_DIRECTION,RECORD_ID) values (to_date('08-APR-19','DD-MON-RR'),3,12,16,1,'2','Unknown',null,125);
Insert into STUDENT123.DAILY_WEATHER (DATE_TIME,CITY_ID,TIME,TEMPERATURE,STATUS_ID,WIND_LEVEL,HUMIDITY,WIND_DIRECTION,RECORD_ID) values (to_date('09-APR-19','DD-MON-RR'),3,9,12,2,'3','Unknown',null,132);
Insert into STUDENT123.DAILY_WEATHER (DATE_TIME,CITY_ID,TIME,TEMPERATURE,STATUS_ID,WIND_LEVEL,HUMIDITY,WIND_DIRECTION,RECORD_ID) values (to_date('10-APR-19','DD-MON-RR'),3,3,5,4,'4','Unknown',null,138);
Insert into STUDENT123.DAILY_WEATHER (DATE_TIME,CITY_ID,TIME,TEMPERATURE,STATUS_ID,WIND_LEVEL,HUMIDITY,WIND_DIRECTION,RECORD_ID) values (to_date('10-APR-19','DD-MON-RR'),3,6,4,4,'4','Unknown',null,139);
Insert into STUDENT123.DAILY_WEATHER (DATE_TIME,CITY_ID,TIME,TEMPERATURE,STATUS_ID,WIND_LEVEL,HUMIDITY,WIND_DIRECTION,RECORD_ID) values (to_date('11-APR-19','DD-MON-RR'),3,12,13,6,'3','Unknown',null,149);
Insert into STUDENT123.DAILY_WEATHER (DATE_TIME,CITY_ID,TIME,TEMPERATURE,STATUS_ID,WIND_LEVEL,HUMIDITY,WIND_DIRECTION,RECORD_ID) values (to_date('11-APR-19','DD-MON-RR'),3,18,13,6,'4','Unknown',null,151);
Insert into STUDENT123.DAILY_WEATHER (DATE_TIME,CITY_ID,TIME,TEMPERATURE,STATUS_ID,WIND_LEVEL,HUMIDITY,WIND_DIRECTION,RECORD_ID) values (to_date('12-APR-19','DD-MON-RR'),3,15,14,1,'3','Unknown',null,158);
Insert into STUDENT123.DAILY_WEATHER (DATE_TIME,CITY_ID,TIME,TEMPERATURE,STATUS_ID,WIND_LEVEL,HUMIDITY,WIND_DIRECTION,RECORD_ID) values (to_date('13-APR-19','DD-MON-RR'),3,9,9,4,'3','Unknown',null,164);
Insert into STUDENT123.DAILY_WEATHER (DATE_TIME,CITY_ID,TIME,TEMPERATURE,STATUS_ID,WIND_LEVEL,HUMIDITY,WIND_DIRECTION,RECORD_ID) values (to_date('07-APR-19','DD-MON-RR'),4,3,6,2,'2','Unknown','Northwest',170);
Insert into STUDENT123.DAILY_WEATHER (DATE_TIME,CITY_ID,TIME,TEMPERATURE,STATUS_ID,WIND_LEVEL,HUMIDITY,WIND_DIRECTION,RECORD_ID) values (to_date('07-APR-19','DD-MON-RR'),4,9,14,2,'2','Unknown','Northwest',172);
Insert into STUDENT123.DAILY_WEATHER (DATE_TIME,CITY_ID,TIME,TEMPERATURE,STATUS_ID,WIND_LEVEL,HUMIDITY,WIND_DIRECTION,RECORD_ID) values (to_date('08-APR-19','DD-MON-RR'),4,0,6,2,'3','Unknown','Southeast',177);
Insert into STUDENT123.DAILY_WEATHER (DATE_TIME,CITY_ID,TIME,TEMPERATURE,STATUS_ID,WIND_LEVEL,HUMIDITY,WIND_DIRECTION,RECORD_ID) values (to_date('08-APR-19','DD-MON-RR'),4,21,10,2,'3','Unknown','Southeast',184);
Insert into STUDENT123.DAILY_WEATHER (DATE_TIME,CITY_ID,TIME,TEMPERATURE,STATUS_ID,WIND_LEVEL,HUMIDITY,WIND_DIRECTION,RECORD_ID) values (to_date('09-APR-19','DD-MON-RR'),4,15,22,4,'2','Unknown','Southwest',190);
Insert into STUDENT123.DAILY_WEATHER (DATE_TIME,CITY_ID,TIME,TEMPERATURE,STATUS_ID,WIND_LEVEL,HUMIDITY,WIND_DIRECTION,RECORD_ID) values (to_date('10-APR-19','DD-MON-RR'),4,12,12,4,'3','Unknown','Northwest',197);
Insert into STUDENT123.DAILY_WEATHER (DATE_TIME,CITY_ID,TIME,TEMPERATURE,STATUS_ID,WIND_LEVEL,HUMIDITY,WIND_DIRECTION,RECORD_ID) values (to_date('11-APR-19','DD-MON-RR'),4,6,10,4,'3','Unknown','Northwest',203);
Insert into STUDENT123.DAILY_WEATHER (DATE_TIME,CITY_ID,TIME,TEMPERATURE,STATUS_ID,WIND_LEVEL,HUMIDITY,WIND_DIRECTION,RECORD_ID) values (to_date('11-APR-19','DD-MON-RR'),4,21,5,4,'3','Unknown','Northwest',208);
Insert into STUDENT123.DAILY_WEATHER (DATE_TIME,CITY_ID,TIME,TEMPERATURE,STATUS_ID,WIND_LEVEL,HUMIDITY,WIND_DIRECTION,RECORD_ID) values (to_date('12-APR-19','DD-MON-RR'),4,18,7,4,'3','Unknown','Southeast',215);
Insert into STUDENT123.DAILY_WEATHER (DATE_TIME,CITY_ID,TIME,TEMPERATURE,STATUS_ID,WIND_LEVEL,HUMIDITY,WIND_DIRECTION,RECORD_ID) values (to_date('13-APR-19','DD-MON-RR'),4,12,18,6,'4','Unknown','Southwest',221);
Insert into STUDENT123.DAILY_WEATHER (DATE_TIME,CITY_ID,TIME,TEMPERATURE,STATUS_ID,WIND_LEVEL,HUMIDITY,WIND_DIRECTION,RECORD_ID) values (to_date('13-APR-19','DD-MON-RR'),4,21,12,6,'4','Unknown','Southwest',224);
Insert into STUDENT123.DAILY_WEATHER (DATE_TIME,CITY_ID,TIME,TEMPERATURE,STATUS_ID,WIND_LEVEL,HUMIDITY,WIND_DIRECTION,RECORD_ID) values (to_date('08-APR-19','DD-MON-RR'),5,9,9,4,'3~4','Unknown','south',236);
Insert into STUDENT123.DAILY_WEATHER (DATE_TIME,CITY_ID,TIME,TEMPERATURE,STATUS_ID,WIND_LEVEL,HUMIDITY,WIND_DIRECTION,RECORD_ID) values (to_date('09-APR-19','DD-MON-RR'),5,0,8,2,'3~4','Unknown','south',241);
Insert into STUDENT123.DAILY_WEATHER (DATE_TIME,CITY_ID,TIME,TEMPERATURE,STATUS_ID,WIND_LEVEL,HUMIDITY,WIND_DIRECTION,RECORD_ID) values (to_date('09-APR-19','DD-MON-RR'),5,15,9,4,'3~4','Unknown','north',246);
Insert into STUDENT123.DAILY_WEATHER (DATE_TIME,CITY_ID,TIME,TEMPERATURE,STATUS_ID,WIND_LEVEL,HUMIDITY,WIND_DIRECTION,RECORD_ID) values (to_date('10-APR-19','DD-MON-RR'),5,6,3,4,'3~4','Unknown','north',251);
Insert into STUDENT123.DAILY_WEATHER (DATE_TIME,CITY_ID,TIME,TEMPERATURE,STATUS_ID,WIND_LEVEL,HUMIDITY,WIND_DIRECTION,RECORD_ID) values (to_date('11-APR-19','DD-MON-RR'),5,0,8,4,'1~2','Unknown','south',257);
Insert into STUDENT123.DAILY_WEATHER (DATE_TIME,CITY_ID,TIME,TEMPERATURE,STATUS_ID,WIND_LEVEL,HUMIDITY,WIND_DIRECTION,RECORD_ID) values (to_date('11-APR-19','DD-MON-RR'),5,15,19,4,'1~2','Unknown','south',262);
Insert into STUDENT123.DAILY_WEATHER (DATE_TIME,CITY_ID,TIME,TEMPERATURE,STATUS_ID,WIND_LEVEL,HUMIDITY,WIND_DIRECTION,RECORD_ID) values (to_date('11-APR-19','DD-MON-RR'),5,18,15,4,'1~2','Unknown','south',263);
Insert into STUDENT123.DAILY_WEATHER (DATE_TIME,CITY_ID,TIME,TEMPERATURE,STATUS_ID,WIND_LEVEL,HUMIDITY,WIND_DIRECTION,RECORD_ID) values (to_date('12-APR-19','DD-MON-RR'),5,18,19,4,'4','Unknown','SouthWest',271);
Insert into STUDENT123.DAILY_WEATHER (DATE_TIME,CITY_ID,TIME,TEMPERATURE,STATUS_ID,WIND_LEVEL,HUMIDITY,WIND_DIRECTION,RECORD_ID) values (to_date('13-APR-19','DD-MON-RR'),5,18,16,4,'4','Unknown','north',279);
Insert into STUDENT123.DAILY_WEATHER (DATE_TIME,CITY_ID,TIME,TEMPERATURE,STATUS_ID,WIND_LEVEL,HUMIDITY,WIND_DIRECTION,RECORD_ID) values (to_date('07-APR-19','DD-MON-RR'),6,0,11,1,'2','Unknown','NorthEast',281);
Insert into STUDENT123.DAILY_WEATHER (DATE_TIME,CITY_ID,TIME,TEMPERATURE,STATUS_ID,WIND_LEVEL,HUMIDITY,WIND_DIRECTION,RECORD_ID) values (to_date('07-APR-19','DD-MON-RR'),6,21,14,2,'2','Unknown','NorthEast',288);
Insert into STUDENT123.DAILY_WEATHER (DATE_TIME,CITY_ID,TIME,TEMPERATURE,STATUS_ID,WIND_LEVEL,HUMIDITY,WIND_DIRECTION,RECORD_ID) values (to_date('08-APR-19','DD-MON-RR'),6,21,10,2,'3','Unknown','NorthEast',296);
Insert into STUDENT123.DAILY_WEATHER (DATE_TIME,CITY_ID,TIME,TEMPERATURE,STATUS_ID,WIND_LEVEL,HUMIDITY,WIND_DIRECTION,RECORD_ID) values (to_date('09-APR-19','DD-MON-RR'),6,0,9,4,'4','Unknown','NorthWest',297);
Insert into STUDENT123.DAILY_WEATHER (DATE_TIME,CITY_ID,TIME,TEMPERATURE,STATUS_ID,WIND_LEVEL,HUMIDITY,WIND_DIRECTION,RECORD_ID) values (to_date('10-APR-19','DD-MON-RR'),6,9,8,6,'3','Unknown','NorthEast',308);
Insert into STUDENT123.DAILY_WEATHER (DATE_TIME,CITY_ID,TIME,TEMPERATURE,STATUS_ID,WIND_LEVEL,HUMIDITY,WIND_DIRECTION,RECORD_ID) values (to_date('10-APR-19','DD-MON-RR'),6,18,7,6,'3','Unknown','NorthEast',311);
Insert into STUDENT123.DAILY_WEATHER (DATE_TIME,CITY_ID,TIME,TEMPERATURE,STATUS_ID,WIND_LEVEL,HUMIDITY,WIND_DIRECTION,RECORD_ID) values (to_date('11-APR-19','DD-MON-RR'),6,12,12,1,'4','Unknown','NorthWest',317);
Insert into STUDENT123.DAILY_WEATHER (DATE_TIME,CITY_ID,TIME,TEMPERATURE,STATUS_ID,WIND_LEVEL,HUMIDITY,WIND_DIRECTION,RECORD_ID) values (to_date('12-APR-19','DD-MON-RR'),6,18,13,4,'3','Unknown','NorthEast',327);
Insert into STUDENT123.DAILY_WEATHER (DATE_TIME,CITY_ID,TIME,TEMPERATURE,STATUS_ID,WIND_LEVEL,HUMIDITY,WIND_DIRECTION,RECORD_ID) values (to_date('12-APR-19','DD-MON-RR'),6,21,10,4,'3','Unknown','NorthEast',328);
Insert into STUDENT123.DAILY_WEATHER (DATE_TIME,CITY_ID,TIME,TEMPERATURE,STATUS_ID,WIND_LEVEL,HUMIDITY,WIND_DIRECTION,RECORD_ID) values (to_date('07-APR-19','DD-MON-RR'),7,0,10,4,'3','Unknown',null,337);
Insert into STUDENT123.DAILY_WEATHER (DATE_TIME,CITY_ID,TIME,TEMPERATURE,STATUS_ID,WIND_LEVEL,HUMIDITY,WIND_DIRECTION,RECORD_ID) values (to_date('07-APR-19','DD-MON-RR'),7,12,16,4,'4','Unknown',null,341);
Insert into STUDENT123.DAILY_WEATHER (DATE_TIME,CITY_ID,TIME,TEMPERATURE,STATUS_ID,WIND_LEVEL,HUMIDITY,WIND_DIRECTION,RECORD_ID) values (to_date('08-APR-19','DD-MON-RR'),7,0,10,4,'2','Unknown',null,345);
Insert into STUDENT123.DAILY_WEATHER (DATE_TIME,CITY_ID,TIME,TEMPERATURE,STATUS_ID,WIND_LEVEL,HUMIDITY,WIND_DIRECTION,RECORD_ID) values (to_date('08-APR-19','DD-MON-RR'),7,18,16,1,'3','Unknown',null,351);
Insert into STUDENT123.DAILY_WEATHER (DATE_TIME,CITY_ID,TIME,TEMPERATURE,STATUS_ID,WIND_LEVEL,HUMIDITY,WIND_DIRECTION,RECORD_ID) values (to_date('09-APR-19','DD-MON-RR'),7,6,8,2,'3','Unknown',null,355);
Insert into STUDENT123.DAILY_WEATHER (DATE_TIME,CITY_ID,TIME,TEMPERATURE,STATUS_ID,WIND_LEVEL,HUMIDITY,WIND_DIRECTION,RECORD_ID) values (to_date('10-APR-19','DD-MON-RR'),7,0,5,2,'4','Unknown',null,361);
Insert into STUDENT123.DAILY_WEATHER (DATE_TIME,CITY_ID,TIME,TEMPERATURE,STATUS_ID,WIND_LEVEL,HUMIDITY,WIND_DIRECTION,RECORD_ID) values (to_date('10-APR-19','DD-MON-RR'),7,15,15,2,'3','Unknown',null,366);
Insert into STUDENT123.DAILY_WEATHER (DATE_TIME,CITY_ID,TIME,TEMPERATURE,STATUS_ID,WIND_LEVEL,HUMIDITY,WIND_DIRECTION,RECORD_ID) values (to_date('11-APR-19','DD-MON-RR'),7,9,10,6,'3','Unknown',null,372);
Insert into STUDENT123.DAILY_WEATHER (DATE_TIME,CITY_ID,TIME,TEMPERATURE,STATUS_ID,WIND_LEVEL,HUMIDITY,WIND_DIRECTION,RECORD_ID) values (to_date('12-APR-19','DD-MON-RR'),7,3,7,1,'4','Unknown',null,378);
Insert into STUDENT123.DAILY_WEATHER (DATE_TIME,CITY_ID,TIME,TEMPERATURE,STATUS_ID,WIND_LEVEL,HUMIDITY,WIND_DIRECTION,RECORD_ID) values (to_date('12-APR-19','DD-MON-RR'),7,18,8,1,'3','Unknown',null,383);
Insert into STUDENT123.DAILY_WEATHER (DATE_TIME,CITY_ID,TIME,TEMPERATURE,STATUS_ID,WIND_LEVEL,HUMIDITY,WIND_DIRECTION,RECORD_ID) values (to_date('13-APR-19','DD-MON-RR'),7,3,6,4,'3','Unknown',null,386);
Insert into STUDENT123.DAILY_WEATHER (DATE_TIME,CITY_ID,TIME,TEMPERATURE,STATUS_ID,WIND_LEVEL,HUMIDITY,WIND_DIRECTION,RECORD_ID) values (to_date('13-APR-19','DD-MON-RR'),7,9,9,4,'3','Unknown',null,388);
Insert into STUDENT123.DAILY_WEATHER (DATE_TIME,CITY_ID,TIME,TEMPERATURE,STATUS_ID,WIND_LEVEL,HUMIDITY,WIND_DIRECTION,RECORD_ID) values (to_date('07-APR-19','DD-MON-RR'),8,3,6,2,'2','Unknown','Northwest',394);
Insert into STUDENT123.DAILY_WEATHER (DATE_TIME,CITY_ID,TIME,TEMPERATURE,STATUS_ID,WIND_LEVEL,HUMIDITY,WIND_DIRECTION,RECORD_ID) values (to_date('08-APR-19','DD-MON-RR'),8,9,13,2,'3','Unknown','Southeast',404);
Insert into STUDENT123.DAILY_WEATHER (DATE_TIME,CITY_ID,TIME,TEMPERATURE,STATUS_ID,WIND_LEVEL,HUMIDITY,WIND_DIRECTION,RECORD_ID) values (to_date('08-APR-19','DD-MON-RR'),8,12,16,2,'3','Unknown','Southeast',405);
Insert into STUDENT123.DAILY_WEATHER (DATE_TIME,CITY_ID,TIME,TEMPERATURE,STATUS_ID,WIND_LEVEL,HUMIDITY,WIND_DIRECTION,RECORD_ID) values (to_date('09-APR-19','DD-MON-RR'),8,15,22,4,'2','Unknown','Southwest',414);
Insert into STUDENT123.DAILY_WEATHER (DATE_TIME,CITY_ID,TIME,TEMPERATURE,STATUS_ID,WIND_LEVEL,HUMIDITY,WIND_DIRECTION,RECORD_ID) values (to_date('10-APR-19','DD-MON-RR'),8,18,11,4,'3','Unknown','Northwest',423);
Insert into STUDENT123.DAILY_WEATHER (DATE_TIME,CITY_ID,TIME,TEMPERATURE,STATUS_ID,WIND_LEVEL,HUMIDITY,WIND_DIRECTION,RECORD_ID) values (to_date('12-APR-19','DD-MON-RR'),8,3,8,4,'3','Unknown','Southeast',434);
Insert into STUDENT123.DAILY_WEATHER (DATE_TIME,CITY_ID,TIME,TEMPERATURE,STATUS_ID,WIND_LEVEL,HUMIDITY,WIND_DIRECTION,RECORD_ID) values (to_date('13-APR-19','DD-MON-RR'),8,6,9,6,'4','Unknown','Southwest',443);
Insert into STUDENT123.DAILY_WEATHER (DATE_TIME,CITY_ID,TIME,TEMPERATURE,STATUS_ID,WIND_LEVEL,HUMIDITY,WIND_DIRECTION,RECORD_ID) values (to_date('07-APR-19','DD-MON-RR'),9,3,8,1,'1~2','Unknown','south',450);
Insert into STUDENT123.DAILY_WEATHER (DATE_TIME,CITY_ID,TIME,TEMPERATURE,STATUS_ID,WIND_LEVEL,HUMIDITY,WIND_DIRECTION,RECORD_ID) values (to_date('08-APR-19','DD-MON-RR'),9,3,8,4,'1~2','Unknown','south',458);
Insert into STUDENT123.DAILY_WEATHER (DATE_TIME,CITY_ID,TIME,TEMPERATURE,STATUS_ID,WIND_LEVEL,HUMIDITY,WIND_DIRECTION,RECORD_ID) values (to_date('09-APR-19','DD-MON-RR'),9,6,5,2,'3~4','Unknown','north',467);
Insert into STUDENT123.DAILY_WEATHER (DATE_TIME,CITY_ID,TIME,TEMPERATURE,STATUS_ID,WIND_LEVEL,HUMIDITY,WIND_DIRECTION,RECORD_ID) values (to_date('10-APR-19','DD-MON-RR'),9,9,5,4,'3~4','Unknown','north',476);
Insert into STUDENT123.DAILY_WEATHER (DATE_TIME,CITY_ID,TIME,TEMPERATURE,STATUS_ID,WIND_LEVEL,HUMIDITY,WIND_DIRECTION,RECORD_ID) values (to_date('11-APR-19','DD-MON-RR'),9,9,8,4,'1~2','Unknown','south',484);
Insert into STUDENT123.DAILY_WEATHER (DATE_TIME,CITY_ID,TIME,TEMPERATURE,STATUS_ID,WIND_LEVEL,HUMIDITY,WIND_DIRECTION,RECORD_ID) values (to_date('12-APR-19','DD-MON-RR'),9,12,16,4,'3','Unknown','SouthWest',493);
Insert into STUDENT123.DAILY_WEATHER (DATE_TIME,CITY_ID,TIME,TEMPERATURE,STATUS_ID,WIND_LEVEL,HUMIDITY,WIND_DIRECTION,RECORD_ID) values (to_date('13-APR-19','DD-MON-RR'),9,18,16,4,'4','Unknown','north',503);
Insert into STUDENT123.DAILY_WEATHER (DATE_TIME,CITY_ID,TIME,TEMPERATURE,STATUS_ID,WIND_LEVEL,HUMIDITY,WIND_DIRECTION,RECORD_ID) values (to_date('07-APR-19','DD-MON-RR'),10,21,14,2,'2','Unknown','NorthEast',512);
Insert into STUDENT123.DAILY_WEATHER (DATE_TIME,CITY_ID,TIME,TEMPERATURE,STATUS_ID,WIND_LEVEL,HUMIDITY,WIND_DIRECTION,RECORD_ID) values (to_date('09-APR-19','DD-MON-RR'),10,0,9,4,'4','Unknown','NorthWest',521);
Insert into STUDENT123.DAILY_WEATHER (DATE_TIME,CITY_ID,TIME,TEMPERATURE,STATUS_ID,WIND_LEVEL,HUMIDITY,WIND_DIRECTION,RECORD_ID) values (to_date('10-APR-19','DD-MON-RR'),10,3,7,6,'3','Unknown','NorthEast',530);
Insert into STUDENT123.DAILY_WEATHER (DATE_TIME,CITY_ID,TIME,TEMPERATURE,STATUS_ID,WIND_LEVEL,HUMIDITY,WIND_DIRECTION,RECORD_ID) values (to_date('11-APR-19','DD-MON-RR'),10,12,12,1,'4','Unknown','NorthWest',541);
Insert into STUDENT123.DAILY_WEATHER (DATE_TIME,CITY_ID,TIME,TEMPERATURE,STATUS_ID,WIND_LEVEL,HUMIDITY,WIND_DIRECTION,RECORD_ID) values (to_date('12-APR-19','DD-MON-RR'),10,15,15,4,'3','Unknown','NorthEast',550);
Insert into STUDENT123.DAILY_WEATHER (DATE_TIME,CITY_ID,TIME,TEMPERATURE,STATUS_ID,WIND_LEVEL,HUMIDITY,WIND_DIRECTION,RECORD_ID) values (to_date('13-APR-19','DD-MON-RR'),10,21,11,1,'3','Unknown','South',560);
Insert into STUDENT123.DAILY_WEATHER (DATE_TIME,CITY_ID,TIME,TEMPERATURE,STATUS_ID,WIND_LEVEL,HUMIDITY,WIND_DIRECTION,RECORD_ID) values (to_date('07-APR-19','DD-MON-RR'),11,12,16,4,'4','Unknown',null,565);
Insert into STUDENT123.DAILY_WEATHER (DATE_TIME,CITY_ID,TIME,TEMPERATURE,STATUS_ID,WIND_LEVEL,HUMIDITY,WIND_DIRECTION,RECORD_ID) values (to_date('08-APR-19','DD-MON-RR'),11,6,8,1,'2','Unknown',null,571);
Insert into STUDENT123.DAILY_WEATHER (DATE_TIME,CITY_ID,TIME,TEMPERATURE,STATUS_ID,WIND_LEVEL,HUMIDITY,WIND_DIRECTION,RECORD_ID) values (to_date('08-APR-19','DD-MON-RR'),11,21,11,2,'3','Unknown',null,576);
Insert into STUDENT123.DAILY_WEATHER (DATE_TIME,CITY_ID,TIME,TEMPERATURE,STATUS_ID,WIND_LEVEL,HUMIDITY,WIND_DIRECTION,RECORD_ID) values (to_date('09-APR-19','DD-MON-RR'),11,15,11,2,'4','Unknown',null,582);
Insert into STUDENT123.DAILY_WEATHER (DATE_TIME,CITY_ID,TIME,TEMPERATURE,STATUS_ID,WIND_LEVEL,HUMIDITY,WIND_DIRECTION,RECORD_ID) values (to_date('10-APR-19','DD-MON-RR'),11,3,5,4,'4','Unknown',null,586);
Insert into STUDENT123.DAILY_WEATHER (DATE_TIME,CITY_ID,TIME,TEMPERATURE,STATUS_ID,WIND_LEVEL,HUMIDITY,WIND_DIRECTION,RECORD_ID) values (to_date('10-APR-19','DD-MON-RR'),11,21,9,2,'3','Unknown',null,592);
Insert into STUDENT123.DAILY_WEATHER (DATE_TIME,CITY_ID,TIME,TEMPERATURE,STATUS_ID,WIND_LEVEL,HUMIDITY,WIND_DIRECTION,RECORD_ID) values (to_date('11-APR-19','DD-MON-RR'),11,12,13,6,'3','Unknown',null,597);
Insert into STUDENT123.DAILY_WEATHER (DATE_TIME,CITY_ID,TIME,TEMPERATURE,STATUS_ID,WIND_LEVEL,HUMIDITY,WIND_DIRECTION,RECORD_ID) values (to_date('12-APR-19','DD-MON-RR'),11,3,7,1,'4','Unknown',null,602);
Insert into STUDENT123.DAILY_WEATHER (DATE_TIME,CITY_ID,TIME,TEMPERATURE,STATUS_ID,WIND_LEVEL,HUMIDITY,WIND_DIRECTION,RECORD_ID) values (to_date('13-APR-19','DD-MON-RR'),11,0,7,1,'3','Unknown',null,609);
Insert into STUDENT123.DAILY_WEATHER (DATE_TIME,CITY_ID,TIME,TEMPERATURE,STATUS_ID,WIND_LEVEL,HUMIDITY,WIND_DIRECTION,RECORD_ID) values (to_date('13-APR-19','DD-MON-RR'),11,15,14,4,'3','Unknown',null,614);
Insert into STUDENT123.DAILY_WEATHER (DATE_TIME,CITY_ID,TIME,TEMPERATURE,STATUS_ID,WIND_LEVEL,HUMIDITY,WIND_DIRECTION,RECORD_ID) values (to_date('07-APR-19','DD-MON-RR'),12,9,14,2,'2','Unknown','Northwest',620);
Insert into STUDENT123.DAILY_WEATHER (DATE_TIME,CITY_ID,TIME,TEMPERATURE,STATUS_ID,WIND_LEVEL,HUMIDITY,WIND_DIRECTION,RECORD_ID) values (to_date('08-APR-19','DD-MON-RR'),12,12,16,2,'3','Unknown','Southeast',629);
Insert into STUDENT123.DAILY_WEATHER (DATE_TIME,CITY_ID,TIME,TEMPERATURE,STATUS_ID,WIND_LEVEL,HUMIDITY,WIND_DIRECTION,RECORD_ID) values (to_date('09-APR-19','DD-MON-RR'),12,21,13,4,'2','Unknown','Southwest',640);
Insert into STUDENT123.DAILY_WEATHER (DATE_TIME,CITY_ID,TIME,TEMPERATURE,STATUS_ID,WIND_LEVEL,HUMIDITY,WIND_DIRECTION,RECORD_ID) values (to_date('11-APR-19','DD-MON-RR'),12,0,6,4,'3','Unknown','Northwest',649);
Insert into STUDENT123.DAILY_WEATHER (DATE_TIME,CITY_ID,TIME,TEMPERATURE,STATUS_ID,WIND_LEVEL,HUMIDITY,WIND_DIRECTION,RECORD_ID) values (to_date('12-APR-19','DD-MON-RR'),12,3,8,4,'3','Unknown','Southeast',658);
Insert into STUDENT123.DAILY_WEATHER (DATE_TIME,CITY_ID,TIME,TEMPERATURE,STATUS_ID,WIND_LEVEL,HUMIDITY,WIND_DIRECTION,RECORD_ID) values (to_date('13-APR-19','DD-MON-RR'),12,21,12,6,'4','Unknown','Southwest',672);
Insert into STUDENT123.DAILY_WEATHER (DATE_TIME,CITY_ID,TIME,TEMPERATURE,STATUS_ID,WIND_LEVEL,HUMIDITY,WIND_DIRECTION,RECORD_ID) values (to_date('07-APR-19','DD-MON-RR'),13,0,8,1,'1~2','Unknown','south',673);
Insert into STUDENT123.DAILY_WEATHER (DATE_TIME,CITY_ID,TIME,TEMPERATURE,STATUS_ID,WIND_LEVEL,HUMIDITY,WIND_DIRECTION,RECORD_ID) values (to_date('08-APR-19','DD-MON-RR'),13,9,9,4,'3~4','Unknown','south',684);
Insert into STUDENT123.DAILY_WEATHER (DATE_TIME,CITY_ID,TIME,TEMPERATURE,STATUS_ID,WIND_LEVEL,HUMIDITY,WIND_DIRECTION,RECORD_ID) values (to_date('09-APR-19','DD-MON-RR'),13,21,7,4,'3~4','Unknown','north',696);
Insert into STUDENT123.DAILY_WEATHER (DATE_TIME,CITY_ID,TIME,TEMPERATURE,STATUS_ID,WIND_LEVEL,HUMIDITY,WIND_DIRECTION,RECORD_ID) values (to_date('10-APR-19','DD-MON-RR'),13,18,12,4,'3~4','Unknown','north',703);
Insert into STUDENT123.DAILY_WEATHER (DATE_TIME,CITY_ID,TIME,TEMPERATURE,STATUS_ID,WIND_LEVEL,HUMIDITY,WIND_DIRECTION,RECORD_ID) values (to_date('11-APR-19','DD-MON-RR'),13,3,6,4,'1~2','Unknown','south',706);
Insert into STUDENT123.DAILY_WEATHER (DATE_TIME,CITY_ID,TIME,TEMPERATURE,STATUS_ID,WIND_LEVEL,HUMIDITY,WIND_DIRECTION,RECORD_ID) values (to_date('13-APR-19','DD-MON-RR'),13,0,11,4,'3','Unknown','south',721);
Insert into STUDENT123.DAILY_WEATHER (DATE_TIME,CITY_ID,TIME,TEMPERATURE,STATUS_ID,WIND_LEVEL,HUMIDITY,WIND_DIRECTION,RECORD_ID) values (to_date('13-APR-19','DD-MON-RR'),13,21,14,4,'4','Unknown','north',728);
Insert into STUDENT123.DAILY_WEATHER (DATE_TIME,CITY_ID,TIME,TEMPERATURE,STATUS_ID,WIND_LEVEL,HUMIDITY,WIND_DIRECTION,RECORD_ID) values (to_date('07-APR-19','DD-MON-RR'),14,12,19,1,'2','Unknown','NorthEast',733);
Insert into STUDENT123.DAILY_WEATHER (DATE_TIME,CITY_ID,TIME,TEMPERATURE,STATUS_ID,WIND_LEVEL,HUMIDITY,WIND_DIRECTION,RECORD_ID) values (to_date('08-APR-19','DD-MON-RR'),14,9,12,2,'3','Unknown','NorthEast',740);
Insert into STUDENT123.DAILY_WEATHER (DATE_TIME,CITY_ID,TIME,TEMPERATURE,STATUS_ID,WIND_LEVEL,HUMIDITY,WIND_DIRECTION,RECORD_ID) values (to_date('09-APR-19','DD-MON-RR'),14,18,12,2,'4','Unknown','NorthWest',751);
Insert into STUDENT123.DAILY_WEATHER (DATE_TIME,CITY_ID,TIME,TEMPERATURE,STATUS_ID,WIND_LEVEL,HUMIDITY,WIND_DIRECTION,RECORD_ID) values (to_date('10-APR-19','DD-MON-RR'),14,9,8,6,'3','Unknown','NorthEast',756);
Insert into STUDENT123.DAILY_WEATHER (DATE_TIME,CITY_ID,TIME,TEMPERATURE,STATUS_ID,WIND_LEVEL,HUMIDITY,WIND_DIRECTION,RECORD_ID) values (to_date('11-APR-19','DD-MON-RR'),14,3,7,1,'4','Unknown','NorthWest',762);
Insert into STUDENT123.DAILY_WEATHER (DATE_TIME,CITY_ID,TIME,TEMPERATURE,STATUS_ID,WIND_LEVEL,HUMIDITY,WIND_DIRECTION,RECORD_ID) values (to_date('11-APR-19','DD-MON-RR'),14,18,9,1,'4','Unknown','NorthWest',767);
Insert into STUDENT123.DAILY_WEATHER (DATE_TIME,CITY_ID,TIME,TEMPERATURE,STATUS_ID,WIND_LEVEL,HUMIDITY,WIND_DIRECTION,RECORD_ID) values (to_date('12-APR-19','DD-MON-RR'),14,12,12,4,'3','Unknown','NorthEast',773);
Insert into STUDENT123.DAILY_WEATHER (DATE_TIME,CITY_ID,TIME,TEMPERATURE,STATUS_ID,WIND_LEVEL,HUMIDITY,WIND_DIRECTION,RECORD_ID) values (to_date('13-APR-19','DD-MON-RR'),14,3,7,2,'3','Unknown','North',778);
Insert into STUDENT123.DAILY_WEATHER (DATE_TIME,CITY_ID,TIME,TEMPERATURE,STATUS_ID,WIND_LEVEL,HUMIDITY,WIND_DIRECTION,RECORD_ID) values (to_date('13-APR-19','DD-MON-RR'),14,18,13,4,'3','Unknown','SouthEast',783);
Insert into STUDENT123.DAILY_WEATHER (DATE_TIME,CITY_ID,TIME,TEMPERATURE,STATUS_ID,WIND_LEVEL,HUMIDITY,WIND_DIRECTION,RECORD_ID) values (to_date('07-APR-19','DD-MON-RR'),15,3,10,4,'3','Unknown','NorthEast',786);
Insert into STUDENT123.DAILY_WEATHER (DATE_TIME,CITY_ID,TIME,TEMPERATURE,STATUS_ID,WIND_LEVEL,HUMIDITY,WIND_DIRECTION,RECORD_ID) values (to_date('07-APR-19','DD-MON-RR'),15,12,16,4,'4','Unknown','NorthEast',789);
Insert into STUDENT123.DAILY_WEATHER (DATE_TIME,CITY_ID,TIME,TEMPERATURE,STATUS_ID,WIND_LEVEL,HUMIDITY,WIND_DIRECTION,RECORD_ID) values (to_date('07-APR-19','DD-MON-RR'),15,18,16,4,'2','Unknown','NorthEast',791);
Insert into STUDENT123.DAILY_WEATHER (DATE_TIME,CITY_ID,TIME,TEMPERATURE,STATUS_ID,WIND_LEVEL,HUMIDITY,WIND_DIRECTION,RECORD_ID) values (to_date('08-APR-19','DD-MON-RR'),15,0,10,4,'2','Unknown','NorthEast',793);
Insert into STUDENT123.DAILY_WEATHER (DATE_TIME,CITY_ID,TIME,TEMPERATURE,STATUS_ID,WIND_LEVEL,HUMIDITY,WIND_DIRECTION,RECORD_ID) values (to_date('08-APR-19','DD-MON-RR'),15,12,16,1,'2','Unknown','NorthEast',797);
Insert into STUDENT123.DAILY_WEATHER (DATE_TIME,CITY_ID,TIME,TEMPERATURE,STATUS_ID,WIND_LEVEL,HUMIDITY,WIND_DIRECTION,RECORD_ID) values (to_date('08-APR-19','DD-MON-RR'),15,18,16,1,'3','Unknown','NorthEast',799);
Insert into STUDENT123.DAILY_WEATHER (DATE_TIME,CITY_ID,TIME,TEMPERATURE,STATUS_ID,WIND_LEVEL,HUMIDITY,WIND_DIRECTION,RECORD_ID) values (to_date('09-APR-19','DD-MON-RR'),15,3,8,2,'3','Unknown','NorthWest',802);
Insert into STUDENT123.DAILY_WEATHER (DATE_TIME,CITY_ID,TIME,TEMPERATURE,STATUS_ID,WIND_LEVEL,HUMIDITY,WIND_DIRECTION,RECORD_ID) values (to_date('09-APR-19','DD-MON-RR'),15,12,11,2,'3','Unknown','NorthWest',805);
Insert into STUDENT123.DAILY_WEATHER (DATE_TIME,CITY_ID,TIME,TEMPERATURE,STATUS_ID,WIND_LEVEL,HUMIDITY,WIND_DIRECTION,RECORD_ID) values (to_date('09-APR-19','DD-MON-RR'),15,18,8,2,'4','Unknown','NorthWest',807);
Insert into STUDENT123.DAILY_WEATHER (DATE_TIME,CITY_ID,TIME,TEMPERATURE,STATUS_ID,WIND_LEVEL,HUMIDITY,WIND_DIRECTION,RECORD_ID) values (to_date('10-APR-19','DD-MON-RR'),15,6,4,4,'4','Unknown','NorthEast',811);
Insert into STUDENT123.DAILY_WEATHER (DATE_TIME,CITY_ID,TIME,TEMPERATURE,STATUS_ID,WIND_LEVEL,HUMIDITY,WIND_DIRECTION,RECORD_ID) values (to_date('10-APR-19','DD-MON-RR'),15,12,12,4,'4','Unknown','NorthEast',813);
Insert into STUDENT123.DAILY_WEATHER (DATE_TIME,CITY_ID,TIME,TEMPERATURE,STATUS_ID,WIND_LEVEL,HUMIDITY,WIND_DIRECTION,RECORD_ID) values (to_date('10-APR-19','DD-MON-RR'),15,21,9,2,'3','Unknown','NorthEast',816);
Insert into STUDENT123.DAILY_WEATHER (DATE_TIME,CITY_ID,TIME,TEMPERATURE,STATUS_ID,WIND_LEVEL,HUMIDITY,WIND_DIRECTION,RECORD_ID) values (to_date('11-APR-19','DD-MON-RR'),15,6,5,6,'3','Unknown','NorthWest',819);
Insert into STUDENT123.DAILY_WEATHER (DATE_TIME,CITY_ID,TIME,TEMPERATURE,STATUS_ID,WIND_LEVEL,HUMIDITY,WIND_DIRECTION,RECORD_ID) values (to_date('11-APR-19','DD-MON-RR'),15,12,13,6,'3','Unknown','NorthWest',821);
Insert into STUDENT123.DAILY_WEATHER (DATE_TIME,CITY_ID,TIME,TEMPERATURE,STATUS_ID,WIND_LEVEL,HUMIDITY,WIND_DIRECTION,RECORD_ID) values (to_date('11-APR-19','DD-MON-RR'),15,21,10,6,'4','Unknown','NorthWest',824);
Insert into STUDENT123.DAILY_WEATHER (DATE_TIME,CITY_ID,TIME,TEMPERATURE,STATUS_ID,WIND_LEVEL,HUMIDITY,WIND_DIRECTION,RECORD_ID) values (to_date('12-APR-19','DD-MON-RR'),15,6,5,1,'4','Unknown','NorthEast',827);
Insert into STUDENT123.DAILY_WEATHER (DATE_TIME,CITY_ID,TIME,TEMPERATURE,STATUS_ID,WIND_LEVEL,HUMIDITY,WIND_DIRECTION,RECORD_ID) values (to_date('12-APR-19','DD-MON-RR'),15,12,12,1,'4','Unknown','NorthEast',829);
Insert into STUDENT123.DAILY_WEATHER (DATE_TIME,CITY_ID,TIME,TEMPERATURE,STATUS_ID,WIND_LEVEL,HUMIDITY,WIND_DIRECTION,RECORD_ID) values (to_date('13-APR-19','DD-MON-RR'),15,0,7,1,'3','Unknown','North',833);
Insert into STUDENT123.DAILY_WEATHER (DATE_TIME,CITY_ID,TIME,TEMPERATURE,STATUS_ID,WIND_LEVEL,HUMIDITY,WIND_DIRECTION,RECORD_ID) values (to_date('13-APR-19','DD-MON-RR'),15,6,8,4,'3','Unknown','North',835);
Insert into STUDENT123.DAILY_WEATHER (DATE_TIME,CITY_ID,TIME,TEMPERATURE,STATUS_ID,WIND_LEVEL,HUMIDITY,WIND_DIRECTION,RECORD_ID) values (to_date('13-APR-19','DD-MON-RR'),15,18,11,4,'3','Unknown','SouthEast',839);
Insert into STUDENT123.DAILY_WEATHER (DATE_TIME,CITY_ID,TIME,TEMPERATURE,STATUS_ID,WIND_LEVEL,HUMIDITY,WIND_DIRECTION,RECORD_ID) values (to_date('13-APR-19','DD-MON-RR'),3,21,9,2,'3','Unknown',null,168);
REM INSERTING into STUDENT123.STATUS_DESC
SET DEFINE OFF;
Insert into STUDENT123.STATUS_DESC (STATUS_ID,STATUS_DESCRIPTION) values (1,'SUNNY');
Insert into STUDENT123.STATUS_DESC (STATUS_ID,STATUS_DESCRIPTION) values (2,'SMALL RAIN');
Insert into STUDENT123.STATUS_DESC (STATUS_ID,STATUS_DESCRIPTION) values (3,'SNOW');
Insert into STUDENT123.STATUS_DESC (STATUS_ID,STATUS_DESCRIPTION) values (4,'CLOUDY');
Insert into STUDENT123.STATUS_DESC (STATUS_ID,STATUS_DESCRIPTION) values (5,'OVERCAST');
Insert into STUDENT123.STATUS_DESC (STATUS_ID,STATUS_DESCRIPTION) values (6,'MIDDLE RAIN');
Insert into STUDENT123.STATUS_DESC (STATUS_ID,STATUS_DESCRIPTION) values (7,'DOWNFALL');
Insert into STUDENT123.STATUS_DESC (STATUS_ID,STATUS_DESCRIPTION) values (8,'RAINSTIRM');
Insert into STUDENT123.STATUS_DESC (STATUS_ID,STATUS_DESCRIPTION) values (9,'FLATUS');
Insert into STUDENT123.STATUS_DESC (STATUS_ID,STATUS_DESCRIPTION) values (10,'BREEZE');
Insert into STUDENT123.STATUS_DESC (STATUS_ID,STATUS_DESCRIPTION) values (11,'TYPHOON');
Insert into STUDENT123.STATUS_DESC (STATUS_ID,STATUS_DESCRIPTION) values (12,'TORNADO');
Insert into STUDENT123.STATUS_DESC (STATUS_ID,STATUS_DESCRIPTION) values (13,'FOG');
Insert into STUDENT123.STATUS_DESC (STATUS_ID,STATUS_DESCRIPTION) values (14,'HOARFROST');
Insert into STUDENT123.STATUS_DESC (STATUS_ID,STATUS_DESCRIPTION) values (15,'HAUKSTONE');
REM INSERTING into STUDENT123.TABLE1
SET DEFINE OFF;
--------------------------------------------------------
--  DDL for Index STATUS_DESC_PK
--------------------------------------------------------

  CREATE UNIQUE INDEX "STUDENT123"."STATUS_DESC_PK" ON "STUDENT123"."STATUS_DESC" ("STATUS_ID") 
  PCTFREE 10 INITRANS 2 MAXTRANS 255 COMPUTE STATISTICS 
  STORAGE(INITIAL 65536 NEXT 1048576 MINEXTENTS 1 MAXEXTENTS 2147483645
  PCTINCREASE 0 FREELISTS 1 FREELIST GROUPS 1 BUFFER_POOL DEFAULT FLASH_CACHE DEFAULT CELL_FLASH_CACHE DEFAULT)
  TABLESPACE "SYSTEM" ;
--------------------------------------------------------
--  DDL for Index DAILY_WEATHER_PK
--------------------------------------------------------

  CREATE UNIQUE INDEX "STUDENT123"."DAILY_WEATHER_PK" ON "STUDENT123"."DAILY_WEATHER" ("RECORD_ID") 
  PCTFREE 10 INITRANS 2 MAXTRANS 255 COMPUTE STATISTICS 
  STORAGE(INITIAL 65536 NEXT 1048576 MINEXTENTS 1 MAXEXTENTS 2147483645
  PCTINCREASE 0 FREELISTS 1 FREELIST GROUPS 1 BUFFER_POOL DEFAULT FLASH_CACHE DEFAULT CELL_FLASH_CACHE DEFAULT)
  TABLESPACE "SYSTEM" ;
--------------------------------------------------------
--  DDL for Index COUNTRY_PK
--------------------------------------------------------

  CREATE UNIQUE INDEX "STUDENT123"."COUNTRY_PK" ON "STUDENT123"."COUNTRY" ("COUNTRY_ID") 
  PCTFREE 10 INITRANS 2 MAXTRANS 255 COMPUTE STATISTICS 
  STORAGE(INITIAL 65536 NEXT 1048576 MINEXTENTS 1 MAXEXTENTS 2147483645
  PCTINCREASE 0 FREELISTS 1 FREELIST GROUPS 1 BUFFER_POOL DEFAULT FLASH_CACHE DEFAULT CELL_FLASH_CACHE DEFAULT)
  TABLESPACE "SYSTEM" ;
--------------------------------------------------------
--  DDL for Index CITY_PK
--------------------------------------------------------

  CREATE UNIQUE INDEX "STUDENT123"."CITY_PK" ON "STUDENT123"."CITY" ("CITY_ID") 
  PCTFREE 10 INITRANS 2 MAXTRANS 255 COMPUTE STATISTICS 
  STORAGE(INITIAL 65536 NEXT 1048576 MINEXTENTS 1 MAXEXTENTS 2147483645
  PCTINCREASE 0 FREELISTS 1 FREELIST GROUPS 1 BUFFER_POOL DEFAULT FLASH_CACHE DEFAULT CELL_FLASH_CACHE DEFAULT)
  TABLESPACE "SYSTEM" ;
--------------------------------------------------------
--  DDL for Index TABLE1_PK
--------------------------------------------------------

  CREATE UNIQUE INDEX "STUDENT123"."TABLE1_PK" ON "STUDENT123"."TABLE1" ("NO") 
  PCTFREE 10 INITRANS 2 MAXTRANS 255 COMPUTE STATISTICS 
  STORAGE(INITIAL 65536 NEXT 1048576 MINEXTENTS 1 MAXEXTENTS 2147483645
  PCTINCREASE 0 FREELISTS 1 FREELIST GROUPS 1 BUFFER_POOL DEFAULT FLASH_CACHE DEFAULT CELL_FLASH_CACHE DEFAULT)
  TABLESPACE "SYSTEM" ;
--------------------------------------------------------
--  DDL for Procedure AAA
--------------------------------------------------------
set define off;

  CREATE OR REPLACE PROCEDURE "STUDENT123"."AAA" AS 
d_data date := to_date('07-APR-19', 'DD-MM-YY')
n_number number := 



BEGIN
  NULL;
END AAA;

/
--------------------------------------------------------
--  Constraints for Table CITY
--------------------------------------------------------

  ALTER TABLE "STUDENT123"."CITY" ADD CONSTRAINT "CITY_PK" PRIMARY KEY ("CITY_ID")
  USING INDEX PCTFREE 10 INITRANS 2 MAXTRANS 255 COMPUTE STATISTICS 
  STORAGE(INITIAL 65536 NEXT 1048576 MINEXTENTS 1 MAXEXTENTS 2147483645
  PCTINCREASE 0 FREELISTS 1 FREELIST GROUPS 1 BUFFER_POOL DEFAULT FLASH_CACHE DEFAULT CELL_FLASH_CACHE DEFAULT)
  TABLESPACE "SYSTEM"  ENABLE;
  ALTER TABLE "STUDENT123"."CITY" MODIFY ("CITY_ID" NOT NULL ENABLE);
--------------------------------------------------------
--  Constraints for Table TABLE1
--------------------------------------------------------

  ALTER TABLE "STUDENT123"."TABLE1" ADD CONSTRAINT "TABLE1_PK" PRIMARY KEY ("NO")
  USING INDEX PCTFREE 10 INITRANS 2 MAXTRANS 255 COMPUTE STATISTICS 
  STORAGE(INITIAL 65536 NEXT 1048576 MINEXTENTS 1 MAXEXTENTS 2147483645
  PCTINCREASE 0 FREELISTS 1 FREELIST GROUPS 1 BUFFER_POOL DEFAULT FLASH_CACHE DEFAULT CELL_FLASH_CACHE DEFAULT)
  TABLESPACE "SYSTEM"  ENABLE;
  ALTER TABLE "STUDENT123"."TABLE1" MODIFY ("NO" NOT NULL ENABLE);
--------------------------------------------------------
--  Constraints for Table CONTINENT
--------------------------------------------------------

  ALTER TABLE "STUDENT123"."CONTINENT" ADD PRIMARY KEY ("CONTINENT_ID")
  USING INDEX PCTFREE 10 INITRANS 2 MAXTRANS 255 COMPUTE STATISTICS 
  STORAGE(INITIAL 65536 NEXT 1048576 MINEXTENTS 1 MAXEXTENTS 2147483645
  PCTINCREASE 0 FREELISTS 1 FREELIST GROUPS 1 BUFFER_POOL DEFAULT FLASH_CACHE DEFAULT CELL_FLASH_CACHE DEFAULT)
  TABLESPACE "SYSTEM"  ENABLE;
  ALTER TABLE "STUDENT123"."CONTINENT" MODIFY ("CONTINENT_ID" NOT NULL ENABLE);
--------------------------------------------------------
--  Constraints for Table DAILY_WEATHER
--------------------------------------------------------

  ALTER TABLE "STUDENT123"."DAILY_WEATHER" ADD CONSTRAINT "DAILY_WEATHER_PK" PRIMARY KEY ("RECORD_ID")
  USING INDEX PCTFREE 10 INITRANS 2 MAXTRANS 255 COMPUTE STATISTICS 
  STORAGE(INITIAL 65536 NEXT 1048576 MINEXTENTS 1 MAXEXTENTS 2147483645
  PCTINCREASE 0 FREELISTS 1 FREELIST GROUPS 1 BUFFER_POOL DEFAULT FLASH_CACHE DEFAULT CELL_FLASH_CACHE DEFAULT)
  TABLESPACE "SYSTEM"  ENABLE;
  ALTER TABLE "STUDENT123"."DAILY_WEATHER" MODIFY ("RECORD_ID" NOT NULL ENABLE);
  ALTER TABLE "STUDENT123"."DAILY_WEATHER" MODIFY ("DATE_TIME" NOT NULL ENABLE);
--------------------------------------------------------
--  Constraints for Table COUNTRY
--------------------------------------------------------

  ALTER TABLE "STUDENT123"."COUNTRY" ADD CONSTRAINT "COUNTRY_PK" PRIMARY KEY ("COUNTRY_ID")
  USING INDEX PCTFREE 10 INITRANS 2 MAXTRANS 255 COMPUTE STATISTICS 
  STORAGE(INITIAL 65536 NEXT 1048576 MINEXTENTS 1 MAXEXTENTS 2147483645
  PCTINCREASE 0 FREELISTS 1 FREELIST GROUPS 1 BUFFER_POOL DEFAULT FLASH_CACHE DEFAULT CELL_FLASH_CACHE DEFAULT)
  TABLESPACE "SYSTEM"  ENABLE;
  ALTER TABLE "STUDENT123"."COUNTRY" MODIFY ("COUNTRY_ID" NOT NULL ENABLE);
--------------------------------------------------------
--  Constraints for Table STATUS_DESC
--------------------------------------------------------

  ALTER TABLE "STUDENT123"."STATUS_DESC" ADD CONSTRAINT "STATUS_DESC_PK" PRIMARY KEY ("STATUS_ID")
  USING INDEX PCTFREE 10 INITRANS 2 MAXTRANS 255 COMPUTE STATISTICS 
  STORAGE(INITIAL 65536 NEXT 1048576 MINEXTENTS 1 MAXEXTENTS 2147483645
  PCTINCREASE 0 FREELISTS 1 FREELIST GROUPS 1 BUFFER_POOL DEFAULT FLASH_CACHE DEFAULT CELL_FLASH_CACHE DEFAULT)
  TABLESPACE "SYSTEM"  ENABLE;
  ALTER TABLE "STUDENT123"."STATUS_DESC" MODIFY ("STATUS_ID" NOT NULL ENABLE);
--------------------------------------------------------
--  Ref Constraints for Table CITY
--------------------------------------------------------

  ALTER TABLE "STUDENT123"."CITY" ADD CONSTRAINT "CITY_FK1" FOREIGN KEY ("COUNTRY_ID")
	  REFERENCES "STUDENT123"."COUNTRY" ("COUNTRY_ID") ENABLE;
--------------------------------------------------------
--  Ref Constraints for Table COUNTRY
--------------------------------------------------------

  ALTER TABLE "STUDENT123"."COUNTRY" ADD CONSTRAINT "COUNTRY_FK1" FOREIGN KEY ("CONTINENT_ID")
	  REFERENCES "STUDENT123"."CONTINENT" ("CONTINENT_ID") ENABLE;
--------------------------------------------------------
--  Ref Constraints for Table DAILY_WEATHER
--------------------------------------------------------

  ALTER TABLE "STUDENT123"."DAILY_WEATHER" ADD CONSTRAINT "DAILY_WEATHER_FK1" FOREIGN KEY ("CITY_ID")
	  REFERENCES "STUDENT123"."CITY" ("CITY_ID") ENABLE;
  ALTER TABLE "STUDENT123"."DAILY_WEATHER" ADD CONSTRAINT "DAILY_WEATHER_FK2" FOREIGN KEY ("STATUS_ID")
	  REFERENCES "STUDENT123"."STATUS_DESC" ("STATUS_ID") ENABLE;
